session_key,user_id,start_time,end_time,session_duration_sec,total_requests,requests_per_minute,failed_login_attempts,number_of_pages_accessed,unusual_page_access,ip_changed
dfd3810355506cd772b56ee5c513824f9748c7827264939803815996eeeecef2,1,2026-09-25 08:33:31,2026-09-25 08:33:31,1,1,60.0,0,0,0,0
aeac08ee3a904a7c1ece91b98bf5f4148e73b3c632e7412e747c9e9c49de6eef,1,2026-09-25 08:44:57,2026-09-25 08:45:20,23.0,199,519.13,0,2,0,0
aeac08ee3a904a7c1ece91b98bf5f4148e73b3c632e7412e747c9e9c49de6eef,1,2026-09-25 08:45:20,2026-09-25 08:45:42,22.0,200,545.45,0,2,0,0
aeac08ee3a904a7c1ece91b98bf5f4148e73b3c632e7412e747c9e9c49de6eef,1,2026-09-25 08:45:42,2026-09-25 08:46:05,23.0,200,521.74,0,2,0,0
aeac08ee3a904a7c1ece91b98bf5f4148e73b3c632e7412e747c9e9c49de6eef,1,2026-09-25 08:46:05,2026-09-25 08:46:28,23.0,200,521.74,0,2,0,0
aeac08ee3a904a7c1ece91b98bf5f4148e73b3c632e7412e747c9e9c49de6eef,1,2026-09-25 08:46:28,2026-09-25 08:46:52,24.0,200,500.0,0,2,0,0
aeac08ee3a904a7c1ece91b98bf5f4148e73b3c632e7412e747c9e9c49de6eef,1,2026-09-25 08:46:52,2026-09-25 08:47:15,23.0,200,521.74,0,2,0,0
aeac08ee3a904a7c1ece91b98bf5f4148e73b3c632e7412e747c9e9c49de6eef,1,2026-09-25 08:47:15,2026-09-25 08:47:40,25.0,200,480.0,0,2,0,0
aeac08ee3a904a7c1ece91b98bf5f4148e73b3c632e7412e747c9e9c49de6eef,1,2026-09-25 08:47:40,2026-09-25 08:48:04,24.0,200,500.0,0,2,0,0
aeac08ee3a904a7c1ece91b98bf5f4148e73b3c632e7412e747c9e9c49de6eef,1,2026-09-25 08:48:04,2026-09-25 08:48:20,16.0,131,491.25,0,2,0,0
ip:127.0.0.1,,2026-09-25 09:24:15,2026-09-25 12:43:52,11977.0,13,0.07,13,0,0,0
29406c2145bf5d37208bae403f0fa7ebc7165d595359175d1e21083e3dbb07cb,3,2026-09-25 12:44:04,2026-09-25 12:44:12,8.0,56,420.0,0,2,0,0
29406c2145bf5d37208bae403f0fa7ebc7165d595359175d1e21083e3dbb07cb,3,2026-09-25 12:44:12,2026-09-25 12:44:36,24.0,200,500.0,0,2,0,0
29406c2145bf5d37208bae403f0fa7ebc7165d595359175d1e21083e3dbb07cb,3,2026-09-25 12:44:36,2026-09-25 12:45:00,24.0,200,500.0,0,2,0,0
29406c2145bf5d37208bae403f0fa7ebc7165d595359175d1e21083e3dbb07cb,3,2026-09-25 12:45:00,2026-09-25 12:45:25,25.0,200,480.0,0,2,0,0
29406c2145bf5d37208bae403f0fa7ebc7165d595359175d1e21083e3dbb07cb,3,2026-09-25 12:45:25,2026-09-25 12:45:48,23.0,200,521.74,0,2,0,0
29406c2145bf5d37208bae403f0fa7ebc7165d595359175d1e21083e3dbb07cb,3,2026-09-25 12:45:48,2026-09-25 12:46:10,22.0,200,545.45,0,2,0,0
29406c2145bf5d37208bae403f0fa7ebc7165d595359175d1e21083e3dbb07cb,3,2026-09-25 12:46:10,2026-09-25 12:46:33,23.0,200,521.74,0,2,0,0
29406c2145bf5d37208bae403f0fa7ebc7165d595359175d1e21083e3dbb07cb,3,2026-09-25 12:46:33,2026-09-25 12:46:53,20.0,200,600.0,0,2,0,0
29406c2145bf5d37208bae403f0fa7ebc7165d595359175d1e21083e3dbb07cb,3,2026-09-25 12:46:53,2026-09-25 12:47:13,20.0,200,600.0,0,2,0,0
29406c2145bf5d37208bae403f0fa7ebc7165d595359175d1e21083e3dbb07cb,3,2026-09-25 12:47:13,2026-09-25 12:47:31,18.0,153,510.0,0,2,0,0
2d57fe924fb18c26145e3bd4951f2c947785739bf1b966d3d8b066b7704cb200,3,2026-09-25 12:52:53,2026-09-25 12:52:53,1,3,180.0,0,2,0,0
f53d58682cca084bf8e84877ed4cccc3b6fafd422ae16436541506f3bbee0913,3,2026-09-28 04:29:35,2026-09-28 04:39:59,624.0,6,0.58,0,2,0,0
12e7e6be68b47bedb1c11b11cebe01623c5d89a4789237d6c2d4a542387253c4,4,2026-09-28 16:19:41,2026-09-28 16:20:26,45.0,10,13.33,0,2,0,0
ip:127.0.0.1,,2026-09-28 16:22:20,2026-09-28 16:22:21,1.0,3,180.0,3,0,0,0
50694692e66a728cb72008d85edc68eadf72031558f1da2f88fe86f50962b9bb,5,2026-09-28 16:22:22,2026-09-28 16:23:09,47.0,38,48.51,0,2,1,0
ip:127.0.0.1,,2026-09-28 16:24:20,2026-09-28 16:24:23,3.0,6,120.0,6,0,0,0
258e21dc09d4b22e9fe74fbcca0c17fe368943b32b0f3af90e36dda979228f88,6,2026-09-28 16:24:24,2026-09-28 16:25:14,50.0,94,112.8,0,2,1,0
dfd3810355506cd772b56ee5c513824f9748c7827264939803815996eeeecef2,1,2026-09-25 08:33:31,2026-09-25 08:33:31,1,1,60.0,0,0,0,0
aeac08ee3a904a7c1ece91b98bf5f4148e73b3c632e7412e747c9e9c49de6eef,1,2026-09-25 08:44:57,2026-09-25 08:45:20,23.0,199,519.13,0,2,0,0
aeac08ee3a904a7c1ece91b98bf5f4148e73b3c632e7412e747c9e9c49de6eef,1,2026-09-25 08:45:20,2026-09-25 08:45:42,22.0,200,545.45,0,2,0,0
aeac08ee3a904a7c1ece91b98bf5f4148e73b3c632e7412e747c9e9c49de6eef,1,2026-09-25 08:45:42,2026-09-25 08:46:05,23.0,200,521.74,0,2,0,0
aeac08ee3a904a7c1ece91b98bf5f4148e73b3c632e7412e747c9e9c49de6eef,1,2026-09-25 08:46:05,2026-09-25 08:46:28,23.0,200,521.74,0,2,0,0
aeac08ee3a904a7c1ece91b98bf5f4148e73b3c632e7412e747c9e9c49de6eef,1,2026-09-25 08:46:28,2026-09-25 08:46:52,24.0,200,500.0,0,2,0,0
aeac08ee3a904a7c1ece91b98bf5f4148e73b3c632e7412e747c9e9c49de6eef,1,2026-09-25 08:46:52,2026-09-25 08:47:15,23.0,200,521.74,0,2,0,0
aeac08ee3a904a7c1ece91b98bf5f4148e73b3c632e7412e747c9e9c49de6eef,1,2026-09-25 08:47:15,2026-09-25 08:47:40,25.0,200,480.0,0,2,0,0
aeac08ee3a904a7c1ece91b98bf5f4148e73b3c632e7412e747c9e9c49de6eef,1,2026-09-25 08:47:40,2026-09-25 08:48:04,24.0,200,500.0,0,2,0,0
aeac08ee3a904a7c1ece91b98bf5f4148e73b3c632e7412e747c9e9c49de6eef,1,2026-09-25 08:48:04,2026-09-25 08:48:20,16.0,131,491.25,0,2,0,0
ip:127.0.0.1,,2026-09-25 09:24:15,2026-09-25 12:43:52,11977.0,13,0.07,13,0,0,0
29406c2145bf5d37208bae403f0fa7ebc7165d595359175d1e21083e3dbb07cb,3,2026-09-25 12:44:04,2026-09-25 12:44:12,8.0,56,420.0,0,2,0,0
29406c2145bf5d37208bae403f0fa7ebc7165d595359175d1e21083e3dbb07cb,3,2026-09-25 12:44:12,2026-09-25 12:44:36,24.0,200,500.0,0,2,0,0
29406c2145bf5d37208bae403f0fa7ebc7165d595359175d1e21083e3dbb07cb,3,2026-09-25 12:44:36,2026-09-25 12:45:00,24.0,200,500.0,0,2,0,0
29406c2145bf5d37208bae403f0fa7ebc7165d595359175d1e21083e3dbb07cb,3,2026-09-25 12:45:00,2026-09-25 12:45:25,25.0,200,480.0,0,2,0,0
29406c2145bf5d37208bae403f0fa7ebc7165d595359175d1e21083e3dbb07cb,3,2026-09-25 12:45:25,2026-09-25 12:45:48,23.0,200,521.74,0,2,0,0
29406c2145bf5d37208bae403f0fa7ebc7165d595359175d1e21083e3dbb07cb,3,2026-09-25 12:45:48,2026-09-25 12:46:10,22.0,200,545.45,0,2,0,0
29406c2145bf5d37208bae403f0fa7ebc7165d595359175d1e21083e3dbb07cb,3,2026-09-25 12:46:10,2026-09-25 12:46:33,23.0,200,521.74,0,2,0,0
29406c2145bf5d37208bae403f0fa7ebc7165d595359175d1e21083e3dbb07cb,3,2026-09-25 12:46:33,2026-09-25 12:46:53,20.0,200,600.0,0,2,0,0
29406c2145bf5d37208bae403f0fa7ebc7165d595359175d1e21083e3dbb07cb,3,2026-09-25 12:46:53,2026-09-25 12:47:13,20.0,200,600.0,0,2,0,0
29406c2145bf5d37208bae403f0fa7ebc7165d595359175d1e21083e3dbb07cb,3,2026-09-25 12:47:13,2026-09-25 12:47:31,18.0,153,510.0,0,2,0,0
2d57fe924fb18c26145e3bd4951f2c947785739bf1b966d3d8b066b7704cb200,3,2026-09-25 12:52:53,2026-09-25 12:52:53,1,3,180.0,0,2,0,0
f53d58682cca084bf8e84877ed4cccc3b6fafd422ae16436541506f3bbee0913,3,2026-09-28 04:29:35,2026-09-28 04:39:59,624.0,6,0.58,0,2,0,0
12e7e6be68b47bedb1c11b11cebe01623c5d89a4789237d6c2d4a542387253c4,4,2026-09-28 16:19:41,2026-09-28 16:20:26,45.0,10,13.33,0,2,0,0
ip:127.0.0.1,,2026-09-28 16:22:20,2026-09-28 16:22:21,1.0,3,180.0,3,0,0,0
50694692e66a728cb72008d85edc68eadf72031558f1da2f88fe86f50962b9bb,5,2026-09-28 16:22:22,2026-09-28 16:22:57,35.0,25,42.86,0,2,0,0
50694692e66a728cb72008d85edc68eadf72031558f1da2f88fe86f50962b9bb,5,2026-09-28 16:22:59,2026-09-28 16:23:09,10.0,13,78.0,0,2,1,0
ip:127.0.0.1,,2026-09-28 16:24:20,2026-09-28 16:24:23,3.0,6,120.0,6,0,0,0
258e21dc09d4b22e9fe74fbcca0c17fe368943b32b0f3af90e36dda979228f88,6,2026-09-28 16:24:24,2026-09-28 16:25:14,50.0,94,112.8,0,2,1,0
dfd3810355506cd772b56ee5c513824f9748c7827264939803815996eeeecef2,1,2026-09-25 08:33:31,2026-09-25 08:33:31,1,1,60.0,0,0,0,0
aeac08ee3a904a7c1ece91b98bf5f4148e73b3c632e7412e747c9e9c49de6eef,1,2026-09-25 08:44:57,2026-09-25 08:45:20,23.0,199,519.13,0,2,0,0
aeac08ee3a904a7c1ece91b98bf5f4148e73b3c632e7412e747c9e9c49de6eef,1,2026-09-25 08:45:20,2026-09-25 08:45:42,22.0,200,545.45,0,2,0,0
aeac08ee3a904a7c1ece91b98bf5f4148e73b3c632e7412e747c9e9c49de6eef,1,2026-09-25 08:45:42,2026-09-25 08:46:05,23.0,200,521.74,0,2,0,0
aeac08ee3a904a7c1ece91b98bf5f4148e73b3c632e7412e747c9e9c49de6eef,1,2026-09-25 08:46:05,2026-09-25 08:46:28,23.0,200,521.74,0,2,0,0
aeac08ee3a904a7c1ece91b98bf5f4148e73b3c632e7412e747c9e9c49de6eef,1,2026-09-25 08:46:28,2026-09-25 08:46:52,24.0,200,500.0,0,2,0,0
aeac08ee3a904a7c1ece91b98bf5f4148e73b3c632e7412e747c9e9c49de6eef,1,2026-09-25 08:46:52,2026-09-25 08:47:15,23.0,200,521.74,0,2,0,0
aeac08ee3a904a7c1ece91b98bf5f4148e73b3c632e7412e747c9e9c49de6eef,1,2026-09-25 08:47:15,2026-09-25 08:47:40,25.0,200,480.0,0,2,0,0
aeac08ee3a904a7c1ece91b98bf5f4148e73b3c632e7412e747c9e9c49de6eef,1,2026-09-25 08:47:40,2026-09-25 08:48:04,24.0,200,500.0,0,2,0,0
aeac08ee3a904a7c1ece91b98bf5f4148e73b3c632e7412e747c9e9c49de6eef,1,2026-09-25 08:48:04,2026-09-25 08:48:20,16.0,131,491.25,0,2,0,0
ip:127.0.0.1,,2026-09-25 09:24:15,2026-09-25 12:43:52,11977.0,13,0.07,13,0,0,0
29406c2145bf5d37208bae403f0fa7ebc7165d595359175d1e21083e3dbb07cb,3,2026-09-25 12:44:04,2026-09-25 12:44:12,8.0,56,420.0,0,2,0,0
29406c2145bf5d37208bae403f0fa7ebc7165d595359175d1e21083e3dbb07cb,3,2026-09-25 12:44:12,2026-09-25 12:44:36,24.0,200,500.0,0,2,0,0
29406c2145bf5d37208bae403f0fa7ebc7165d595359175d1e21083e3dbb07cb,3,2026-09-25 12:44:36,2026-09-25 12:45:00,24.0,200,500.0,0,2,0,0
29406c2145bf5d37208bae403f0fa7ebc7165d595359175d1e21083e3dbb07cb,3,2026-09-25 12:45:00,2026-09-25 12:45:25,25.0,200,480.0,0,2,0,0
29406c2145bf5d37208bae403f0fa7ebc7165d595359175d1e21083e3dbb07cb,3,2026-09-25 12:45:25,2026-09-25 12:45:48,23.0,200,521.74,0,2,0,0
29406c2145bf5d37208bae403f0fa7ebc7165d595359175d1e21083e3dbb07cb,3,2026-09-25 12:45:48,2026-09-25 12:46:10,22.0,200,545.45,0,2,0,0
29406c2145bf5d37208bae403f0fa7ebc7165d595359175d1e21083e3dbb07cb,3,2026-09-25 12:46:10,2026-09-25 12:46:33,23.0,200,521.74,0,2,0,0
29406c2145bf5d37208bae403f0fa7ebc7165d595359175d1e21083e3dbb07cb,3,2026-09-25 12:46:33,2026-09-25 12:46:53,20.0,200,600.0,0,2,0,0
29406c2145bf5d37208bae403f0fa7ebc7165d595359175d1e21083e3dbb07cb,3,2026-09-25 12:46:53,2026-09-25 12:47:13,20.0,200,600.0,0,2,0,0
29406c2145bf5d37208bae403f0fa7ebc7165d595359175d1e21083e3dbb07cb,3,2026-09-25 12:47:13,2026-09-25 12:47:31,18.0,153,510.0,0,2,0,0
2d57fe924fb18c26145e3bd4951f2c947785739bf1b966d3d8b066b7704cb200,3,2026-09-25 12:52:53,2026-09-25 12:52:53,1,3,180.0,0,2,0,0
f53d58682cca084bf8e84877ed4cccc3b6fafd422ae16436541506f3bbee0913,3,2026-09-28 04:29:35,2026-09-28 04:39:59,624.0,6,0.58,0,2,0,0
12e7e6be68b47bedb1c11b11cebe01623c5d89a4789237d6c2d4a542387253c4,4,2026-09-28 16:19:41,2026-09-28 16:20:26,45.0,10,13.33,0,2,0,0
ip:127.0.0.1,,2026-09-28 16:22:20,2026-09-28 16:22:21,1.0,3,180.0,3,0,0,0
50694692e66a728cb72008d85edc68eadf72031558f1da2f88fe86f50962b9bb,5,2026-09-28 16:22:22,2026-09-28 16:22:57,35.0,25,42.86,0,2,0,0
50694692e66a728cb72008d85edc68eadf72031558f1da2f88fe86f50962b9bb,5,2026-09-28 16:22:59,2026-09-28 16:23:09,10.0,13,78.0,0,2,1,0
ip:127.0.0.1,,2026-09-28 16:24:20,2026-09-28 16:24:23,3.0,6,120.0,6,0,0,0
258e21dc09d4b22e9fe74fbcca0c17fe368943b32b0f3af90e36dda979228f88,6,2026-09-28 16:24:24,2026-09-28 16:25:14,50.0,94,112.8,0,2,1,0
1bcde2f073f7cc66daa13b4a3c3378cd26f26ceeec494e70bc9a1f8ddd92f57a,3,2026-09-30 12:37:14,2026-09-30 12:37:14,1,3,180.0,0,2,0,0
dfd3810355506cd772b56ee5c513824f9748c7827264939803815996eeeecef2,1,2026-09-25 08:33:31,2026-09-25 08:33:31,1,1,60.0,0,0,0,0
aeac08ee3a904a7c1ece91b98bf5f4148e73b3c632e7412e747c9e9c49de6eef,1,2026-09-25 08:44:57,2026-09-25 08:45:20,23.0,199,519.13,0,2,0,0
aeac08ee3a904a7c1ece91b98bf5f4148e73b3c632e7412e747c9e9c49de6eef,1,2026-09-25 08:45:20,2026-09-25 08:45:42,22.0,200,545.45,0,2,0,0
aeac08ee3a904a7c1ece91b98bf5f4148e73b3c632e7412e747c9e9c49de6eef,1,2026-09-25 08:45:42,2026-09-25 08:46:05,23.0,200,521.74,0,2,0,0
aeac08ee3a904a7c1ece91b98bf5f4148e73b3c632e7412e747c9e9c49de6eef,1,2026-09-25 08:46:05,2026-09-25 08:46:28,23.0,200,521.74,0,2,0,0
aeac08ee3a904a7c1ece91b98bf5f4148e73b3c632e7412e747c9e9c49de6eef,1,2026-09-25 08:46:28,2026-09-25 08:46:52,24.0,200,500.0,0,2,0,0
aeac08ee3a904a7c1ece91b98bf5f4148e73b3c632e7412e747c9e9c49de6eef,1,2026-09-25 08:46:52,2026-09-25 08:47:15,23.0,200,521.74,0,2,0,0
aeac08ee3a904a7c1ece91b98bf5f4148e73b3c632e7412e747c9e9c49de6eef,1,2026-09-25 08:47:15,2026-09-25 08:47:40,25.0,200,480.0,0,2,0,0
aeac08ee3a904a7c1ece91b98bf5f4148e73b3c632e7412e747c9e9c49de6eef,1,2026-09-25 08:47:40,2026-09-25 08:48:04,24.0,200,500.0,0,2,0,0
aeac08ee3a904a7c1ece91b98bf5f4148e73b3c632e7412e747c9e9c49de6eef,1,2026-09-25 08:48:04,2026-09-25 08:48:20,16.0,131,491.25,0,2,0,0
ip:127.0.0.1,,2026-09-25 09:24:15,2026-09-25 12:43:52,11977.0,13,0.07,13,0,0,0
29406c2145bf5d37208bae403f0fa7ebc7165d595359175d1e21083e3dbb07cb,3,2026-09-25 12:44:04,2026-09-25 12:44:12,8.0,56,420.0,0,2,0,0
29406c2145bf5d37208bae403f0fa7ebc7165d595359175d1e21083e3dbb07cb,3,2026-09-25 12:44:12,2026-09-25 12:44:36,24.0,200,500.0,0,2,0,0
29406c2145bf5d37208bae403f0fa7ebc7165d595359175d1e21083e3dbb07cb,3,2026-09-25 12:44:36,2026-09-25 12:45:00,24.0,200,500.0,0,2,0,0
29406c2145bf5d37208bae403f0fa7ebc7165d595359175d1e21083e3dbb07cb,3,2026-09-25 12:45:00,2026-09-25 12:45:25,25.0,200,480.0,0,2,0,0
29406c2145bf5d37208bae403f0fa7ebc7165d595359175d1e21083e3dbb07cb,3,2026-09-25 12:45:25,2026-09-25 12:45:48,23.0,200,521.74,0,2,0,0
29406c2145bf5d37208bae403f0fa7ebc7165d595359175d1e21083e3dbb07cb,3,2026-09-25 12:45:48,2026-09-25 12:46:10,22.0,200,545.45,0,2,0,0
29406c2145bf5d37208bae403f0fa7ebc7165d595359175d1e21083e3dbb07cb,3,2026-09-25 12:46:10,2026-09-25 12:46:33,23.0,200,521.74,0,2,0,0
29406c2145bf5d37208bae403f0fa7ebc7165d595359175d1e21083e3dbb07cb,3,2026-09-25 12:46:33,2026-09-25 12:46:53,20.0,200,600.0,0,2,0,0
29406c2145bf5d37208bae403f0fa7ebc7165d595359175d1e21083e3dbb07cb,3,2026-09-25 12:46:53,2026-09-25 12:47:13,20.0,200,600.0,0,2,0,0
29406c2145bf5d37208bae403f0fa7ebc7165d595359175d1e21083e3dbb07cb,3,2026-09-25 12:47:13,2026-09-25 12:47:31,18.0,153,510.0,0,2,0,0
2d57fe924fb18c26145e3bd4951f2c947785739bf1b966d3d8b066b7704cb200,3,2026-09-25 12:52:53,2026-09-25 12:52:53,1,3,180.0,0,2,0,0
f53d58682cca084bf8e84877ed4cccc3b6fafd422ae16436541506f3bbee0913,3,2026-09-28 04:29:35,2026-09-28 04:39:59,624.0,6,0.58,0,2,0,0
12e7e6be68b47bedb1c11b11cebe01623c5d89a4789237d6c2d4a542387253c4,4,2026-09-28 16:19:41,2026-09-28 16:20:26,45.0,10,13.33,0,2,0,0
ip:127.0.0.1,,2026-09-28 16:22:20,2026-09-28 16:22:21,1.0,3,180.0,3,0,0,0
50694692e66a728cb72008d85edc68eadf72031558f1da2f88fe86f50962b9bb,5,2026-09-28 16:22:22,2026-09-28 16:22:57,35.0,25,42.86,0,2,0,0
50694692e66a728cb72008d85edc68eadf72031558f1da2f88fe86f50962b9bb,5,2026-09-28 16:22:59,2026-09-28 16:23:09,10.0,13,78.0,0,2,1,0
ip:127.0.0.1,7,2026-09-28 16:24:20,2026-09-30 12:56:48,160348.0,12,0.0,12,0,0,0
258e21dc09d4b22e9fe74fbcca0c17fe368943b32b0f3af90e36dda979228f88,6,2026-09-28 16:24:24,2026-09-28 16:25:14,50.0,94,112.8,0,2,1,0
1bcde2f073f7cc66daa13b4a3c3378cd26f26ceeec494e70bc9a1f8ddd92f57a,3,2026-09-30 12:37:14,2026-09-30 12:37:14,1,3,180.0,0,2,0,0
7eacf7008943d68ba69fef2370a6d9fdd2c86f1198dcef961d43a2a20c1b5067,7,2026-09-30 12:56:49,2026-09-30 12:57:43,54.0,94,104.44,6,2,1,1
dfd3810355506cd772b56ee5c513824f9748c7827264939803815996eeeecef2,1,2026-09-25 08:33:31,2026-09-25 08:33:31,1,1,60.0,0,0,0,0
aeac08ee3a904a7c1ece91b98bf5f4148e73b3c632e7412e747c9e9c49de6eef,1,2026-09-25 08:44:57,2026-09-25 08:45:20,23.0,199,519.13,0,2,0,0
aeac08ee3a904a7c1ece91b98bf5f4148e73b3c632e7412e747c9e9c49de6eef,1,2026-09-25 08:45:20,2026-09-25 08:45:42,22.0,200,545.45,0,2,0,0
aeac08ee3a904a7c1ece91b98bf5f4148e73b3c632e7412e747c9e9c49de6eef,1,2026-09-25 08:45:42,2026-09-25 08:46:05,23.0,200,521.74,0,2,0,0
aeac08ee3a904a7c1ece91b98bf5f4148e73b3c632e7412e747c9e9c49de6eef,1,2026-09-25 08:46:05,2026-09-25 08:46:28,23.0,200,521.74,0,2,0,0
aeac08ee3a904a7c1ece91b98bf5f4148e73b3c632e7412e747c9e9c49de6eef,1,2026-09-25 08:46:28,2026-09-25 08:46:52,24.0,200,500.0,0,2,0,0
aeac08ee3a904a7c1ece91b98bf5f4148e73b3c632e7412e747c9e9c49de6eef,1,2026-09-25 08:46:52,2026-09-25 08:47:15,23.0,200,521.74,0,2,0,0
aeac08ee3a904a7c1ece91b98bf5f4148e73b3c632e7412e747c9e9c49de6eef,1,2026-09-25 08:47:15,2026-09-25 08:47:40,25.0,200,480.0,0,2,0,0
aeac08ee3a904a7c1ece91b98bf5f4148e73b3c632e7412e747c9e9c49de6eef,1,2026-09-25 08:47:40,2026-09-25 08:48:04,24.0,200,500.0,0,2,0,0
aeac08ee3a904a7c1ece91b98bf5f4148e73b3c632e7412e747c9e9c49de6eef,1,2026-09-25 08:48:04,2026-09-25 08:48:20,16.0,131,491.25,0,2,0,0
ip:127.0.0.1,,2026-09-25 09:24:15,2026-09-25 12:43:52,11977.0,13,0.07,13,0,0,0
29406c2145bf5d37208bae403f0fa7ebc7165d595359175d1e21083e3dbb07cb,3,2026-09-25 12:44:04,2026-09-25 12:44:12,8.0,56,420.0,0,2,0,0
29406c2145bf5d37208bae403f0fa7ebc7165d595359175d1e21083e3dbb07cb,3,2026-09-25 12:44:12,2026-09-25 12:44:36,24.0,200,500.0,0,2,0,0
29406c2145bf5d37208bae403f0fa7ebc7165d595359175d1e21083e3dbb07cb,3,2026-09-25 12:44:36,2026-09-25 12:45:00,24.0,200,500.0,0,2,0,0
29406c2145bf5d37208bae403f0fa7ebc7165d595359175d1e21083e3dbb07cb,3,2026-09-25 12:45:00,2026-09-25 12:45:25,25.0,200,480.0,0,2,0,0
29406c2145bf5d37208bae403f0fa7ebc7165d595359175d1e21083e3dbb07cb,3,2026-09-25 12:45:25,2026-09-25 12:45:48,23.0,200,521.74,0,2,0,0
29406c2145bf5d37208bae403f0fa7ebc7165d595359175d1e21083e3dbb07cb,3,2026-09-25 12:45:48,2026-09-25 12:46:10,22.0,200,545.45,0,2,0,0
29406c2145bf5d37208bae403f0fa7ebc7165d595359175d1e21083e3dbb07cb,3,2026-09-25 12:46:10,2026-09-25 12:46:33,23.0,200,521.74,0,2,0,0
29406c2145bf5d37208bae403f0fa7ebc7165d595359175d1e21083e3dbb07cb,3,2026-09-25 12:46:33,2026-09-25 12:46:53,20.0,200,600.0,0,2,0,0
29406c2145bf5d37208bae403f0fa7ebc7165d595359175d1e21083e3dbb07cb,3,2026-09-25 12:46:53,2026-09-25 12:47:13,20.0,200,600.0,0,2,0,0
29406c2145bf5d37208bae403f0fa7ebc7165d595359175d1e21083e3dbb07cb,3,2026-09-25 12:47:13,2026-09-25 12:47:31,18.0,153,510.0,0,2,0,0
2d57fe924fb18c26145e3bd4951f2c947785739bf1b966d3d8b066b7704cb200,3,2026-09-25 12:52:53,2026-09-25 12:52:53,1,3,180.0,0,2,0,0
f53d58682cca084bf8e84877ed4cccc3b6fafd422ae16436541506f3bbee0913,3,2026-09-28 04:29:35,2026-09-28 04:39:59,624.0,6,0.58,0,2,0,0
12e7e6be68b47bedb1c11b11cebe01623c5d89a4789237d6c2d4a542387253c4,4,2026-09-28 16:19:41,2026-09-28 16:20:26,45.0,10,13.33,0,2,0,0
ip:127.0.0.1,,2026-09-28 16:22:20,2026-09-28 16:22:21,1.0,3,180.0,3,0,0,0
50694692e66a728cb72008d85edc68eadf72031558f1da2f88fe86f50962b9bb,5,2026-09-28 16:22:22,2026-09-28 16:22:57,35.0,25,42.86,0,2,0,0
50694692e66a728cb72008d85edc68eadf72031558f1da2f88fe86f50962b9bb,5,2026-09-28 16:22:59,2026-09-28 16:23:09,10.0,13,78.0,0,2,1,0
ip:127.0.0.1,7,2026-09-28 16:24:20,2026-09-30 12:56:48,160348.0,12,0.0,12,0,0,0
258e21dc09d4b22e9fe74fbcca0c17fe368943b32b0f3af90e36dda979228f88,6,2026-09-28 16:24:24,2026-09-28 16:25:14,50.0,94,112.8,0,2,1,0
1bcde2f073f7cc66daa13b4a3c3378cd26f26ceeec494e70bc9a1f8ddd92f57a,3,2026-09-30 12:37:14,2026-09-30 12:37:14,1,3,180.0,0,2,0,0
7eacf7008943d68ba69fef2370a6d9fdd2c86f1198dcef961d43a2a20c1b5067,7,2026-09-30 12:56:49,2026-09-30 12:57:38,49.0,78,95.51,6,2,0,1
7eacf7008943d68ba69fef2370a6d9fdd2c86f1198dcef961d43a2a20c1b5067,7,2026-09-30 12:57:38,2026-09-30 12:57:43,5.0,16,192.0,0,2,1,0
dfd3810355506cd772b56ee5c513824f9748c7827264939803815996eeeecef2,1,2026-09-25 08:33:31,2026-09-25 08:33:31,1,1,60.0,0,0,0,0
aeac08ee3a904a7c1ece91b98bf5f4148e73b3c632e7412e747c9e9c49de6eef,1,2026-09-25 08:44:57,2026-09-25 08:45:20,23.0,199,519.13,0,2,0,0
aeac08ee3a904a7c1ece91b98bf5f4148e73b3c632e7412e747c9e9c49de6eef,1,2026-09-25 08:45:20,2026-09-25 08:45:42,22.0,200,545.45,0,2,0,0
aeac08ee3a904a7c1ece91b98bf5f4148e73b3c632e7412e747c9e9c49de6eef,1,2026-09-25 08:45:42,2026-09-25 08:46:05,23.0,200,521.74,0,2,0,0
aeac08ee3a904a7c1ece91b98bf5f4148e73b3c632e7412e747c9e9c49de6eef,1,2026-09-25 08:46:05,2026-09-25 08:46:28,23.0,200,521.74,0,2,0,0
aeac08ee3a904a7c1ece91b98bf5f4148e73b3c632e7412e747c9e9c49de6eef,1,2026-09-25 08:46:28,2026-09-25 08:46:52,24.0,200,500.0,0,2,0,0
aeac08ee3a904a7c1ece91b98bf5f4148e73b3c632e7412e747c9e9c49de6eef,1,2026-09-25 08:46:52,2026-09-25 08:47:15,23.0,200,521.74,0,2,0,0
aeac08ee3a904a7c1ece91b98bf5f4148e73b3c632e7412e747c9e9c49de6eef,1,2026-09-25 08:47:15,2026-09-25 08:47:40,25.0,200,480.0,0,2,0,0
aeac08ee3a904a7c1ece91b98bf5f4148e73b3c632e7412e747c9e9c49de6eef,1,2026-09-25 08:47:40,2026-09-25 08:48:04,24.0,200,500.0,0,2,0,0
aeac08ee3a904a7c1ece91b98bf5f4148e73b3c632e7412e747c9e9c49de6eef,1,2026-09-25 08:48:04,2026-09-25 08:48:20,16.0,131,491.25,0,2,0,0
ip:127.0.0.1,,2026-09-25 09:24:15,2026-09-25 12:43:52,11977.0,13,0.07,13,0,0,0
29406c2145bf5d37208bae403f0fa7ebc7165d595359175d1e21083e3dbb07cb,3,2026-09-25 12:44:04,2026-09-25 12:44:12,8.0,56,420.0,0,2,0,0
29406c2145bf5d37208bae403f0fa7ebc7165d595359175d1e21083e3dbb07cb,3,2026-09-25 12:44:12,2026-09-25 12:44:36,24.0,200,500.0,0,2,0,0
29406c2145bf5d37208bae403f0fa7ebc7165d595359175d1e21083e3dbb07cb,3,2026-09-25 12:44:36,2026-09-25 12:45:00,24.0,200,500.0,0,2,0,0
29406c2145bf5d37208bae403f0fa7ebc7165d595359175d1e21083e3dbb07cb,3,2026-09-25 12:45:00,2026-09-25 12:45:25,25.0,200,480.0,0,2,0,0
29406c2145bf5d37208bae403f0fa7ebc7165d595359175d1e21083e3dbb07cb,3,2026-09-25 12:45:25,2026-09-25 12:45:48,23.0,200,521.74,0,2,0,0
29406c2145bf5d37208bae403f0fa7ebc7165d595359175d1e21083e3dbb07cb,3,2026-09-25 12:45:48,2026-09-25 12:46:10,22.0,200,545.45,0,2,0,0
29406c2145bf5d37208bae403f0fa7ebc7165d595359175d1e21083e3dbb07cb,3,2026-09-25 12:46:10,2026-09-25 12:46:33,23.0,200,521.74,0,2,0,0
29406c2145bf5d37208bae403f0fa7ebc7165d595359175d1e21083e3dbb07cb,3,2026-09-25 12:46:33,2026-09-25 12:46:53,20.0,200,600.0,0,2,0,0
29406c2145bf5d37208bae403f0fa7ebc7165d595359175d1e21083e3dbb07cb,3,2026-09-25 12:46:53,2026-09-25 12:47:13,20.0,200,600.0,0,2,0,0
29406c2145bf5d37208bae403f0fa7ebc7165d595359175d1e21083e3dbb07cb,3,2026-09-25 12:47:13,2026-09-25 12:47:31,18.0,153,510.0,0,2,0,0
2d57fe924fb18c26145e3bd4951f2c947785739bf1b966d3d8b066b7704cb200,3,2026-09-25 12:52:53,2026-09-25 12:52:53,1,3,180.0,0,2,0,0
f53d58682cca084bf8e84877ed4cccc3b6fafd422ae16436541506f3bbee0913,3,2026-09-28 04:29:35,2026-09-28 04:39:59,624.0,6,0.58,0,2,0,0
12e7e6be68b47bedb1c11b11cebe01623c5d89a4789237d6c2d4a542387253c4,4,2026-09-28 16:19:41,2026-09-28 16:20:26,45.0,10,13.33,0,2,0,0
ip:127.0.0.1,,2026-09-28 16:22:20,2026-09-28 16:22:21,1.0,3,180.0,3,0,0,0
50694692e66a728cb72008d85edc68eadf72031558f1da2f88fe86f50962b9bb,5,2026-09-28 16:22:22,2026-09-28 16:22:57,35.0,25,42.86,0,2,0,0
50694692e66a728cb72008d85edc68eadf72031558f1da2f88fe86f50962b9bb,5,2026-09-28 16:22:59,2026-09-28 16:23:09,10.0,13,78.0,0,2,1,0
ip:127.0.0.1,7,2026-09-28 16:24:20,2026-09-30 12:56:48,160348.0,12,0.0,12,0,0,0
258e21dc09d4b22e9fe74fbcca0c17fe368943b32b0f3af90e36dda979228f88,6,2026-09-28 16:24:24,2026-09-28 16:25:14,50.0,94,112.8,0,2,1,0
1bcde2f073f7cc66daa13b4a3c3378cd26f26ceeec494e70bc9a1f8ddd92f57a,3,2026-09-30 12:37:14,2026-09-30 12:37:14,1,3,180.0,0,2,0,0
7eacf7008943d68ba69fef2370a6d9fdd2c86f1198dcef961d43a2a20c1b5067,7,2026-09-30 12:56:49,2026-09-30 12:57:38,49.0,78,95.51,6,2,0,1
7eacf7008943d68ba69fef2370a6d9fdd2c86f1198dcef961d43a2a20c1b5067,7,2026-09-30 12:57:38,2026-09-30 12:57:43,5.0,16,192.0,0,2,1,0
dfd3810355506cd772b56ee5c513824f9748c7827264939803815996eeeecef2,1,2026-09-25 08:33:31,2026-09-25 08:33:31,1,1,60.0,0,0,0,0
aeac08ee3a904a7c1ece91b98bf5f4148e73b3c632e7412e747c9e9c49de6eef,1,2026-09-25 08:44:57,2026-09-25 08:45:20,23.0,199,519.13,0,2,0,0
aeac08ee3a904a7c1ece91b98bf5f4148e73b3c632e7412e747c9e9c49de6eef,1,2026-09-25 08:45:20,2026-09-25 08:45:42,22.0,200,545.45,0,2,0,0
aeac08ee3a904a7c1ece91b98bf5f4148e73b3c632e7412e747c9e9c49de6eef,1,2026-09-25 08:45:42,2026-09-25 08:46:05,23.0,200,521.74,0,2,0,0
aeac08ee3a904a7c1ece91b98bf5f4148e73b3c632e7412e747c9e9c49de6eef,1,2026-09-25 08:46:05,2026-09-25 08:46:28,23.0,200,521.74,0,2,0,0
aeac08ee3a904a7c1ece91b98bf5f4148e73b3c632e7412e747c9e9c49de6eef,1,2026-09-25 08:46:28,2026-09-25 08:46:52,24.0,200,500.0,0,2,0,0
aeac08ee3a904a7c1ece91b98bf5f4148e73b3c632e7412e747c9e9c49de6eef,1,2026-09-25 08:46:52,2026-09-25 08:47:15,23.0,200,521.74,0,2,0,0
aeac08ee3a904a7c1ece91b98bf5f4148e73b3c632e7412e747c9e9c49de6eef,1,2026-09-25 08:47:15,2026-09-25 08:47:40,25.0,200,480.0,0,2,0,0
aeac08ee3a904a7c1ece91b98bf5f4148e73b3c632e7412e747c9e9c49de6eef,1,2026-09-25 08:47:40,2026-09-25 08:48:04,24.0,200,500.0,0,2,0,0
aeac08ee3a904a7c1ece91b98bf5f4148e73b3c632e7412e747c9e9c49de6eef,1,2026-09-25 08:48:04,2026-09-25 08:48:20,16.0,131,491.25,0,2,0,0
ip:127.0.0.1,,2026-09-25 09:24:15,2026-09-25 12:43:52,11977.0,13,0.07,13,0,0,0
29406c2145bf5d37208bae403f0fa7ebc7165d595359175d1e21083e3dbb07cb,3,2026-09-25 12:44:04,2026-09-25 12:44:12,8.0,56,420.0,0,2,0,0
29406c2145bf5d37208bae403f0fa7ebc7165d595359175d1e21083e3dbb07cb,3,2026-09-25 12:44:12,2026-09-25 12:44:36,24.0,200,500.0,0,2,0,0
29406c2145bf5d37208bae403f0fa7ebc7165d595359175d1e21083e3dbb07cb,3,2026-09-25 12:44:36,2026-09-25 12:45:00,24.0,200,500.0,0,2,0,0
29406c2145bf5d37208bae403f0fa7ebc7165d595359175d1e21083e3dbb07cb,3,2026-09-25 12:45:00,2026-09-25 12:45:25,25.0,200,480.0,0,2,0,0
29406c2145bf5d37208bae403f0fa7ebc7165d595359175d1e21083e3dbb07cb,3,2026-09-25 12:45:25,2026-09-25 12:45:48,23.0,200,521.74,0,2,0,0
29406c2145bf5d37208bae403f0fa7ebc7165d595359175d1e21083e3dbb07cb,3,2026-09-25 12:45:48,2026-09-25 12:46:10,22.0,200,545.45,0,2,0,0
29406c2145bf5d37208bae403f0fa7ebc7165d595359175d1e21083e3dbb07cb,3,2026-09-25 12:46:10,2026-09-25 12:46:33,23.0,200,521.74,0,2,0,0
29406c2145bf5d37208bae403f0fa7ebc7165d595359175d1e21083e3dbb07cb,3,2026-09-25 12:46:33,2026-09-25 12:46:53,20.0,200,600.0,0,2,0,0
29406c2145bf5d37208bae403f0fa7ebc7165d595359175d1e21083e3dbb07cb,3,2026-09-25 12:46:53,2026-09-25 12:47:13,20.0,200,600.0,0,2,0,0
29406c2145bf5d37208bae403f0fa7ebc7165d595359175d1e21083e3dbb07cb,3,2026-09-25 12:47:13,2026-09-25 12:47:31,18.0,153,510.0,0,2,0,0
2d57fe924fb18c26145e3bd4951f2c947785739bf1b966d3d8b066b7704cb200,3,2026-09-25 12:52:53,2026-09-25 12:52:53,1,3,180.0,0,2,0,0
f53d58682cca084bf8e84877ed4cccc3b6fafd422ae16436541506f3bbee0913,3,2026-09-28 04:29:35,2026-09-28 04:39:59,624.0,6,0.58,0,2,0,0
12e7e6be68b47bedb1c11b11cebe01623c5d89a4789237d6c2d4a542387253c4,4,2026-09-28 16:19:41,2026-09-28 16:20:26,45.0,10,13.33,0,2,0,0
ip:127.0.0.1,,2026-09-28 16:22:20,2026-09-28 16:22:21,1.0,3,180.0,3,0,0,0
50694692e66a728cb72008d85edc68eadf72031558f1da2f88fe86f50962b9bb,5,2026-09-28 16:22:22,2026-09-28 16:22:57,35.0,25,42.86,0,2,0,0
50694692e66a728cb72008d85edc68eadf72031558f1da2f88fe86f50962b9bb,5,2026-09-28 16:22:59,2026-09-28 16:23:09,10.0,13,78.0,0,2,1,0
ip:127.0.0.1,7,2026-09-28 16:24:20,2026-09-30 12:56:48,160348.0,12,0.0,12,0,0,0
258e21dc09d4b22e9fe74fbcca0c17fe368943b32b0f3af90e36dda979228f88,6,2026-09-28 16:24:24,2026-09-28 16:25:14,50.0,94,112.8,0,2,1,0
1bcde2f073f7cc66daa13b4a3c3378cd26f26ceeec494e70bc9a1f8ddd92f57a,3,2026-09-30 12:37:14,2026-09-30 12:37:14,1,3,180.0,0,2,0,0
7eacf7008943d68ba69fef2370a6d9fdd2c86f1198dcef961d43a2a20c1b5067,7,2026-09-30 12:56:49,2026-09-30 12:57:38,49.0,78,95.51,6,2,0,1
7eacf7008943d68ba69fef2370a6d9fdd2c86f1198dcef961d43a2a20c1b5067,7,2026-09-30 12:57:38,2026-09-30 12:57:43,5.0,16,192.0,0,2,1,0
dfd3810355506cd772b56ee5c513824f9748c7827264939803815996eeeecef2,1,2026-09-25 08:33:31,2026-09-25 08:33:31,1,1,60.0,0,0,0,0
aeac08ee3a904a7c1ece91b98bf5f4148e73b3c632e7412e747c9e9c49de6eef,1,2026-09-25 08:44:57,2026-09-25 08:45:20,23.0,199,519.13,0,2,0,0
aeac08ee3a904a7c1ece91b98bf5f4148e73b3c632e7412e747c9e9c49de6eef,1,2026-09-25 08:45:20,2026-09-25 08:45:42,22.0,200,545.45,0,2,0,0
aeac08ee3a904a7c1ece91b98bf5f4148e73b3c632e7412e747c9e9c49de6eef,1,2026-09-25 08:45:42,2026-09-25 08:46:05,23.0,200,521.74,0,2,0,0
aeac08ee3a904a7c1ece91b98bf5f4148e73b3c632e7412e747c9e9c49de6eef,1,2026-09-25 08:46:05,2026-09-25 08:46:28,23.0,200,521.74,0,2,0,0
aeac08ee3a904a7c1ece91b98bf5f4148e73b3c632e7412e747c9e9c49de6eef,1,2026-09-25 08:46:28,2026-09-25 08:46:52,24.0,200,500.0,0,2,0,0
aeac08ee3a904a7c1ece91b98bf5f4148e73b3c632e7412e747c9e9c49de6eef,1,2026-09-25 08:46:52,2026-09-25 08:47:15,23.0,200,521.74,0,2,0,0
aeac08ee3a904a7c1ece91b98bf5f4148e73b3c632e7412e747c9e9c49de6eef,1,2026-09-25 08:47:15,2026-09-25 08:47:40,25.0,200,480.0,0,2,0,0
aeac08ee3a904a7c1ece91b98bf5f4148e73b3c632e7412e747c9e9c49de6eef,1,2026-09-25 08:47:40,2026-09-25 08:48:04,24.0,200,500.0,0,2,0,0
aeac08ee3a904a7c1ece91b98bf5f4148e73b3c632e7412e747c9e9c49de6eef,1,2026-09-25 08:48:04,2026-09-25 08:48:20,16.0,131,491.25,0,2,0,0
ip:127.0.0.1,,2026-09-25 09:24:15,2026-09-25 12:43:52,11977.0,13,0.07,13,0,0,0
29406c2145bf5d37208bae403f0fa7ebc7165d595359175d1e21083e3dbb07cb,3,2026-09-25 12:44:04,2026-09-25 12:44:12,8.0,56,420.0,0,2,0,0
29406c2145bf5d37208bae403f0fa7ebc7165d595359175d1e21083e3dbb07cb,3,2026-09-25 12:44:12,2026-09-25 12:44:36,24.0,200,500.0,0,2,0,0
29406c2145bf5d37208bae403f0fa7ebc7165d595359175d1e21083e3dbb07cb,3,2026-09-25 12:44:36,2026-09-25 12:45:00,24.0,200,500.0,0,2,0,0
29406c2145bf5d37208bae403f0fa7ebc7165d595359175d1e21083e3dbb07cb,3,2026-09-25 12:45:00,2026-09-25 12:45:25,25.0,200,480.0,0,2,0,0
29406c2145bf5d37208bae403f0fa7ebc7165d595359175d1e21083e3dbb07cb,3,2026-09-25 12:45:25,2026-09-25 12:45:48,23.0,200,521.74,0,2,0,0
29406c2145bf5d37208bae403f0fa7ebc7165d595359175d1e21083e3dbb07cb,3,2026-09-25 12:45:48,2026-09-25 12:46:10,22.0,200,545.45,0,2,0,0
29406c2145bf5d37208bae403f0fa7ebc7165d595359175d1e21083e3dbb07cb,3,2026-09-25 12:46:10,2026-09-25 12:46:33,23.0,200,521.74,0,2,0,0
29406c2145bf5d37208bae403f0fa7ebc7165d595359175d1e21083e3dbb07cb,3,2026-09-25 12:46:33,2026-09-25 12:46:53,20.0,200,600.0,0,2,0,0
29406c2145bf5d37208bae403f0fa7ebc7165d595359175d1e21083e3dbb07cb,3,2026-09-25 12:46:53,2026-09-25 12:47:13,20.0,200,600.0,0,2,0,0
29406c2145bf5d37208bae403f0fa7ebc7165d595359175d1e21083e3dbb07cb,3,2026-09-25 12:47:13,2026-09-25 12:47:31,18.0,153,510.0,0,2,0,0
2d57fe924fb18c26145e3bd4951f2c947785739bf1b966d3d8b066b7704cb200,3,2026-09-25 12:52:53,2026-09-25 12:52:53,1,3,180.0,0,2,0,0
f53d58682cca084bf8e84877ed4cccc3b6fafd422ae16436541506f3bbee0913,3,2026-09-28 04:29:35,2026-09-28 04:39:59,624.0,6,0.58,0,2,0,0
12e7e6be68b47bedb1c11b11cebe01623c5d89a4789237d6c2d4a542387253c4,4,2026-09-28 16:19:41,2026-09-28 16:20:26,45.0,10,13.33,0,2,0,0
ip:127.0.0.1,,2026-09-28 16:22:20,2026-09-28 16:22:21,1.0,3,180.0,3,0,0,0
50694692e66a728cb72008d85edc68eadf72031558f1da2f88fe86f50962b9bb,5,2026-09-28 16:22:22,2026-09-28 16:22:57,35.0,25,42.86,0,2,0,0
50694692e66a728cb72008d85edc68eadf72031558f1da2f88fe86f50962b9bb,5,2026-09-28 16:22:59,2026-09-28 16:23:09,10.0,13,78.0,0,2,1,0
ip:127.0.0.1,7,2026-09-28 16:24:20,2026-09-30 12:56:48,160348.0,12,0.0,12,0,0,0
258e21dc09d4b22e9fe74fbcca0c17fe368943b32b0f3af90e36dda979228f88,6,2026-09-28 16:24:24,2026-09-28 16:25:14,50.0,94,112.8,0,2,1,0
1bcde2f073f7cc66daa13b4a3c3378cd26f26ceeec494e70bc9a1f8ddd92f57a,3,2026-09-30 12:37:14,2026-09-30 12:37:14,1,3,180.0,0,2,0,0
7eacf7008943d68ba69fef2370a6d9fdd2c86f1198dcef961d43a2a20c1b5067,7,2026-09-30 12:56:49,2026-09-30 12:57:38,49.0,78,95.51,6,2,0,1
7eacf7008943d68ba69fef2370a6d9fdd2c86f1198dcef961d43a2a20c1b5067,7,2026-09-30 12:57:38,2026-09-30 12:57:43,5.0,16,192.0,0,2,1,0
0decde7772d54ea8b543f1f6db6961dd632cf8f5a012f5dfa8e1d4f3aa3777a6,8,2026-10-01 06:40:46,2026-10-01 06:41:32,46.0,10,13.04,0,2,0,0
dfd3810355506cd772b56ee5c513824f9748c7827264939803815996eeeecef2,1,2026-09-25 08:33:31,2026-09-25 08:33:31,1,1,60.0,0,0,0,0
aeac08ee3a904a7c1ece91b98bf5f4148e73b3c632e7412e747c9e9c49de6eef,1,2026-09-25 08:44:57,2026-09-25 08:45:20,23.0,199,519.13,0,2,0,0
aeac08ee3a904a7c1ece91b98bf5f4148e73b3c632e7412e747c9e9c49de6eef,1,2026-09-25 08:45:20,2026-09-25 08:45:42,22.0,200,545.45,0,2,0,0
aeac08ee3a904a7c1ece91b98bf5f4148e73b3c632e7412e747c9e9c49de6eef,1,2026-09-25 08:45:42,2026-09-25 08:46:05,23.0,200,521.74,0,2,0,0
aeac08ee3a904a7c1ece91b98bf5f4148e73b3c632e7412e747c9e9c49de6eef,1,2026-09-25 08:46:05,2026-09-25 08:46:28,23.0,200,521.74,0,2,0,0
aeac08ee3a904a7c1ece91b98bf5f4148e73b3c632e7412e747c9e9c49de6eef,1,2026-09-25 08:46:28,2026-09-25 08:46:52,24.0,200,500.0,0,2,0,0
aeac08ee3a904a7c1ece91b98bf5f4148e73b3c632e7412e747c9e9c49de6eef,1,2026-09-25 08:46:52,2026-09-25 08:47:15,23.0,200,521.74,0,2,0,0
aeac08ee3a904a7c1ece91b98bf5f4148e73b3c632e7412e747c9e9c49de6eef,1,2026-09-25 08:47:15,2026-09-25 08:47:40,25.0,200,480.0,0,2,0,0
aeac08ee3a904a7c1ece91b98bf5f4148e73b3c632e7412e747c9e9c49de6eef,1,2026-09-25 08:47:40,2026-09-25 08:48:04,24.0,200,500.0,0,2,0,0
aeac08ee3a904a7c1ece91b98bf5f4148e73b3c632e7412e747c9e9c49de6eef,1,2026-09-25 08:48:04,2026-09-25 08:48:20,16.0,131,491.25,0,2,0,0
ip:127.0.0.1,,2026-09-25 09:24:15,2026-09-25 12:43:52,11977.0,13,0.07,13,0,0,0
29406c2145bf5d37208bae403f0fa7ebc7165d595359175d1e21083e3dbb07cb,3,2026-09-25 12:44:04,2026-09-25 12:44:12,8.0,56,420.0,0,2,0,0
29406c2145bf5d37208bae403f0fa7ebc7165d595359175d1e21083e3dbb07cb,3,2026-09-25 12:44:12,2026-09-25 12:44:36,24.0,200,500.0,0,2,0,0
29406c2145bf5d37208bae403f0fa7ebc7165d595359175d1e21083e3dbb07cb,3,2026-09-25 12:44:36,2026-09-25 12:45:00,24.0,200,500.0,0,2,0,0
29406c2145bf5d37208bae403f0fa7ebc7165d595359175d1e21083e3dbb07cb,3,2026-09-25 12:45:00,2026-09-25 12:45:25,25.0,200,480.0,0,2,0,0
29406c2145bf5d37208bae403f0fa7ebc7165d595359175d1e21083e3dbb07cb,3,2026-09-25 12:45:25,2026-09-25 12:45:48,23.0,200,521.74,0,2,0,0
29406c2145bf5d37208bae403f0fa7ebc7165d595359175d1e21083e3dbb07cb,3,2026-09-25 12:45:48,2026-09-25 12:46:10,22.0,200,545.45,0,2,0,0
29406c2145bf5d37208bae403f0fa7ebc7165d595359175d1e21083e3dbb07cb,3,2026-09-25 12:46:10,2026-09-25 12:46:33,23.0,200,521.74,0,2,0,0
29406c2145bf5d37208bae403f0fa7ebc7165d595359175d1e21083e3dbb07cb,3,2026-09-25 12:46:33,2026-09-25 12:46:53,20.0,200,600.0,0,2,0,0
29406c2145bf5d37208bae403f0fa7ebc7165d595359175d1e21083e3dbb07cb,3,2026-09-25 12:46:53,2026-09-25 12:47:13,20.0,200,600.0,0,2,0,0
29406c2145bf5d37208bae403f0fa7ebc7165d595359175d1e21083e3dbb07cb,3,2026-09-25 12:47:13,2026-09-25 12:47:31,18.0,153,510.0,0,2,0,0
2d57fe924fb18c26145e3bd4951f2c947785739bf1b966d3d8b066b7704cb200,3,2026-09-25 12:52:53,2026-09-25 12:52:53,1,3,180.0,0,2,0,0
f53d58682cca084bf8e84877ed4cccc3b6fafd422ae16436541506f3bbee0913,3,2026-09-28 04:29:35,2026-09-28 04:39:59,624.0,6,0.58,0,2,0,0
12e7e6be68b47bedb1c11b11cebe01623c5d89a4789237d6c2d4a542387253c4,4,2026-09-28 16:19:41,2026-09-28 16:20:26,45.0,10,13.33,0,2,0,0
ip:127.0.0.1,,2026-09-28 16:22:20,2026-09-28 16:22:21,1.0,3,180.0,3,0,0,0
50694692e66a728cb72008d85edc68eadf72031558f1da2f88fe86f50962b9bb,5,2026-09-28 16:22:22,2026-09-28 16:22:57,35.0,25,42.86,0,2,0,0
50694692e66a728cb72008d85edc68eadf72031558f1da2f88fe86f50962b9bb,5,2026-09-28 16:22:59,2026-09-28 16:23:09,10.0,13,78.0,0,2,1,0
ip:127.0.0.1,7,2026-09-28 16:24:20,2026-09-30 12:56:48,160348.0,12,0.0,12,0,0,0
258e21dc09d4b22e9fe74fbcca0c17fe368943b32b0f3af90e36dda979228f88,6,2026-09-28 16:24:24,2026-09-28 16:25:14,50.0,94,112.8,0,2,1,0
1bcde2f073f7cc66daa13b4a3c3378cd26f26ceeec494e70bc9a1f8ddd92f57a,3,2026-09-30 12:37:14,2026-09-30 12:37:14,1,3,180.0,0,2,0,0
7eacf7008943d68ba69fef2370a6d9fdd2c86f1198dcef961d43a2a20c1b5067,7,2026-09-30 12:56:49,2026-09-30 12:57:38,49.0,78,95.51,6,2,0,1
7eacf7008943d68ba69fef2370a6d9fdd2c86f1198dcef961d43a2a20c1b5067,7,2026-09-30 12:57:38,2026-09-30 12:57:43,5.0,16,192.0,0,2,1,0
0decde7772d54ea8b543f1f6db6961dd632cf8f5a012f5dfa8e1d4f3aa3777a6,8,2026-10-01 06:40:46,2026-10-01 06:41:32,46.0,10,13.04,0,2,0,0
ip:127.0.0.1,9,2026-10-01 06:52:50,2026-10-01 06:52:51,1.0,3,180.0,3,0,0,0
b9e90492c92fa31d6ddee5a25044a548b32152c8e4ec447ce1f820b35ac09319,9,2026-10-01 06:52:52,2026-10-01 06:53:40,48.0,38,47.5,3,2,1,0
ip:127.0.0.1,10,2026-10-01 06:54:15,2026-10-01 06:54:18,3.0,6,120.0,6,0,0,0
c4f36325004807bb34f959f94646fafdb281dddff16b4087ef2fb333900ed37b,10,2026-10-01 06:54:19,2026-10-01 06:55:11,52.0,94,108.46,6,2,1,1
dfd3810355506cd772b56ee5c513824f9748c7827264939803815996eeeecef2,1,2026-09-25 08:33:31,2026-09-25 08:33:31,1,1,60.0,0,0,0,0
aeac08ee3a904a7c1ece91b98bf5f4148e73b3c632e7412e747c9e9c49de6eef,1,2026-09-25 08:44:57,2026-09-25 08:45:20,23.0,199,519.13,0,2,0,0
aeac08ee3a904a7c1ece91b98bf5f4148e73b3c632e7412e747c9e9c49de6eef,1,2026-09-25 08:45:20,2026-09-25 08:45:42,22.0,200,545.45,0,2,0,0
aeac08ee3a904a7c1ece91b98bf5f4148e73b3c632e7412e747c9e9c49de6eef,1,2026-09-25 08:45:42,2026-09-25 08:46:05,23.0,200,521.74,0,2,0,0
aeac08ee3a904a7c1ece91b98bf5f4148e73b3c632e7412e747c9e9c49de6eef,1,2026-09-25 08:46:05,2026-09-25 08:46:28,23.0,200,521.74,0,2,0,0
aeac08ee3a904a7c1ece91b98bf5f4148e73b3c632e7412e747c9e9c49de6eef,1,2026-09-25 08:46:28,2026-09-25 08:46:52,24.0,200,500.0,0,2,0,0
aeac08ee3a904a7c1ece91b98bf5f4148e73b3c632e7412e747c9e9c49de6eef,1,2026-09-25 08:46:52,2026-09-25 08:47:15,23.0,200,521.74,0,2,0,0
aeac08ee3a904a7c1ece91b98bf5f4148e73b3c632e7412e747c9e9c49de6eef,1,2026-09-25 08:47:15,2026-09-25 08:47:40,25.0,200,480.0,0,2,0,0
aeac08ee3a904a7c1ece91b98bf5f4148e73b3c632e7412e747c9e9c49de6eef,1,2026-09-25 08:47:40,2026-09-25 08:48:04,24.0,200,500.0,0,2,0,0
aeac08ee3a904a7c1ece91b98bf5f4148e73b3c632e7412e747c9e9c49de6eef,1,2026-09-25 08:48:04,2026-09-25 08:48:20,16.0,131,491.25,0,2,0,0
ip:127.0.0.1,,2026-09-25 09:24:15,2026-09-25 12:43:52,11977.0,13,0.07,13,0,0,0
29406c2145bf5d37208bae403f0fa7ebc7165d595359175d1e21083e3dbb07cb,3,2026-09-25 12:44:04,2026-09-25 12:44:12,8.0,56,420.0,0,2,0,0
29406c2145bf5d37208bae403f0fa7ebc7165d595359175d1e21083e3dbb07cb,3,2026-09-25 12:44:12,2026-09-25 12:44:36,24.0,200,500.0,0,2,0,0
29406c2145bf5d37208bae403f0fa7ebc7165d595359175d1e21083e3dbb07cb,3,2026-09-25 12:44:36,2026-09-25 12:45:00,24.0,200,500.0,0,2,0,0
29406c2145bf5d37208bae403f0fa7ebc7165d595359175d1e21083e3dbb07cb,3,2026-09-25 12:45:00,2026-09-25 12:45:25,25.0,200,480.0,0,2,0,0
29406c2145bf5d37208bae403f0fa7ebc7165d595359175d1e21083e3dbb07cb,3,2026-09-25 12:45:25,2026-09-25 12:45:48,23.0,200,521.74,0,2,0,0
29406c2145bf5d37208bae403f0fa7ebc7165d595359175d1e21083e3dbb07cb,3,2026-09-25 12:45:48,2026-09-25 12:46:10,22.0,200,545.45,0,2,0,0
29406c2145bf5d37208bae403f0fa7ebc7165d595359175d1e21083e3dbb07cb,3,2026-09-25 12:46:10,2026-09-25 12:46:33,23.0,200,521.74,0,2,0,0
29406c2145bf5d37208bae403f0fa7ebc7165d595359175d1e21083e3dbb07cb,3,2026-09-25 12:46:33,2026-09-25 12:46:53,20.0,200,600.0,0,2,0,0
29406c2145bf5d37208bae403f0fa7ebc7165d595359175d1e21083e3dbb07cb,3,2026-09-25 12:46:53,2026-09-25 12:47:13,20.0,200,600.0,0,2,0,0
29406c2145bf5d37208bae403f0fa7ebc7165d595359175d1e21083e3dbb07cb,3,2026-09-25 12:47:13,2026-09-25 12:47:31,18.0,153,510.0,0,2,0,0
2d57fe924fb18c26145e3bd4951f2c947785739bf1b966d3d8b066b7704cb200,3,2026-09-25 12:52:53,2026-09-25 12:52:53,1,3,180.0,0,2,0,0
f53d58682cca084bf8e84877ed4cccc3b6fafd422ae16436541506f3bbee0913,3,2026-09-28 04:29:35,2026-09-28 04:39:59,624.0,6,0.58,0,2,0,0
12e7e6be68b47bedb1c11b11cebe01623c5d89a4789237d6c2d4a542387253c4,4,2026-09-28 16:19:41,2026-09-28 16:20:26,45.0,10,13.33,0,2,0,0
ip:127.0.0.1,,2026-09-28 16:22:20,2026-09-28 16:22:21,1.0,3,180.0,3,0,0,0
50694692e66a728cb72008d85edc68eadf72031558f1da2f88fe86f50962b9bb,5,2026-09-28 16:22:22,2026-09-28 16:22:57,35.0,25,42.86,0,2,0,0
50694692e66a728cb72008d85edc68eadf72031558f1da2f88fe86f50962b9bb,5,2026-09-28 16:22:59,2026-09-28 16:23:09,10.0,13,78.0,0,2,1,0
ip:127.0.0.1,7,2026-09-28 16:24:20,2026-09-30 12:56:48,160348.0,12,0.0,12,0,0,0
258e21dc09d4b22e9fe74fbcca0c17fe368943b32b0f3af90e36dda979228f88,6,2026-09-28 16:24:24,2026-09-28 16:25:14,50.0,94,112.8,0,2,1,0
1bcde2f073f7cc66daa13b4a3c3378cd26f26ceeec494e70bc9a1f8ddd92f57a,3,2026-09-30 12:37:14,2026-09-30 12:37:14,1,3,180.0,0,2,0,0
7eacf7008943d68ba69fef2370a6d9fdd2c86f1198dcef961d43a2a20c1b5067,7,2026-09-30 12:56:49,2026-09-30 12:57:38,49.0,78,95.51,6,2,0,1
7eacf7008943d68ba69fef2370a6d9fdd2c86f1198dcef961d43a2a20c1b5067,7,2026-09-30 12:57:38,2026-09-30 12:57:43,5.0,16,192.0,0,2,1,0
0decde7772d54ea8b543f1f6db6961dd632cf8f5a012f5dfa8e1d4f3aa3777a6,8,2026-10-01 06:40:46,2026-10-01 06:41:32,46.0,10,13.04,0,2,0,0
ip:127.0.0.1,10,2026-10-01 06:52:50,2026-10-01 06:54:18,88.0,9,6.14,9,0,0,0
b9e90492c92fa31d6ddee5a25044a548b32152c8e4ec447ce1f820b35ac09319,9,2026-10-01 06:52:52,2026-10-01 06:53:40,48.0,38,47.5,3,2,1,0
c4f36325004807bb34f959f94646fafdb281dddff16b4087ef2fb333900ed37b,10,2026-10-01 06:54:19,2026-10-01 06:55:11,52.0,94,108.46,6,2,1,1
dfd3810355506cd772b56ee5c513824f9748c7827264939803815996eeeecef2,1,2026-09-25 08:33:31,2026-09-25 08:33:31,1,1,60.0,0,0,0,0
aeac08ee3a904a7c1ece91b98bf5f4148e73b3c632e7412e747c9e9c49de6eef,1,2026-09-25 08:44:57,2026-09-25 08:45:20,23.0,199,519.13,0,2,0,0
aeac08ee3a904a7c1ece91b98bf5f4148e73b3c632e7412e747c9e9c49de6eef,1,2026-09-25 08:45:20,2026-09-25 08:45:42,22.0,200,545.45,0,2,0,0
aeac08ee3a904a7c1ece91b98bf5f4148e73b3c632e7412e747c9e9c49de6eef,1,2026-09-25 08:45:42,2026-09-25 08:46:05,23.0,200,521.74,0,2,0,0
aeac08ee3a904a7c1ece91b98bf5f4148e73b3c632e7412e747c9e9c49de6eef,1,2026-09-25 08:46:05,2026-09-25 08:46:28,23.0,200,521.74,0,2,0,0
aeac08ee3a904a7c1ece91b98bf5f4148e73b3c632e7412e747c9e9c49de6eef,1,2026-09-25 08:46:28,2026-09-25 08:46:52,24.0,200,500.0,0,2,0,0
aeac08ee3a904a7c1ece91b98bf5f4148e73b3c632e7412e747c9e9c49de6eef,1,2026-09-25 08:46:52,2026-09-25 08:47:15,23.0,200,521.74,0,2,0,0
aeac08ee3a904a7c1ece91b98bf5f4148e73b3c632e7412e747c9e9c49de6eef,1,2026-09-25 08:47:15,2026-09-25 08:47:40,25.0,200,480.0,0,2,0,0
aeac08ee3a904a7c1ece91b98bf5f4148e73b3c632e7412e747c9e9c49de6eef,1,2026-09-25 08:47:40,2026-09-25 08:48:04,24.0,200,500.0,0,2,0,0
aeac08ee3a904a7c1ece91b98bf5f4148e73b3c632e7412e747c9e9c49de6eef,1,2026-09-25 08:48:04,2026-09-25 08:48:20,16.0,131,491.25,0,2,0,0
ip:127.0.0.1,,2026-09-25 09:24:15,2026-09-25 12:43:52,11977.0,13,0.07,13,0,0,0
29406c2145bf5d37208bae403f0fa7ebc7165d595359175d1e21083e3dbb07cb,3,2026-09-25 12:44:04,2026-09-25 12:44:12,8.0,56,420.0,0,2,0,0
29406c2145bf5d37208bae403f0fa7ebc7165d595359175d1e21083e3dbb07cb,3,2026-09-25 12:44:12,2026-09-25 12:44:36,24.0,200,500.0,0,2,0,0
29406c2145bf5d37208bae403f0fa7ebc7165d595359175d1e21083e3dbb07cb,3,2026-09-25 12:44:36,2026-09-25 12:45:00,24.0,200,500.0,0,2,0,0
29406c2145bf5d37208bae403f0fa7ebc7165d595359175d1e21083e3dbb07cb,3,2026-09-25 12:45:00,2026-09-25 12:45:25,25.0,200,480.0,0,2,0,0
29406c2145bf5d37208bae403f0fa7ebc7165d595359175d1e21083e3dbb07cb,3,2026-09-25 12:45:25,2026-09-25 12:45:48,23.0,200,521.74,0,2,0,0
29406c2145bf5d37208bae403f0fa7ebc7165d595359175d1e21083e3dbb07cb,3,2026-09-25 12:45:48,2026-09-25 12:46:10,22.0,200,545.45,0,2,0,0
29406c2145bf5d37208bae403f0fa7ebc7165d595359175d1e21083e3dbb07cb,3,2026-09-25 12:46:10,2026-09-25 12:46:33,23.0,200,521.74,0,2,0,0
29406c2145bf5d37208bae403f0fa7ebc7165d595359175d1e21083e3dbb07cb,3,2026-09-25 12:46:33,2026-09-25 12:46:53,20.0,200,600.0,0,2,0,0
29406c2145bf5d37208bae403f0fa7ebc7165d595359175d1e21083e3dbb07cb,3,2026-09-25 12:46:53,2026-09-25 12:47:13,20.0,200,600.0,0,2,0,0
29406c2145bf5d37208bae403f0fa7ebc7165d595359175d1e21083e3dbb07cb,3,2026-09-25 12:47:13,2026-09-25 12:47:31,18.0,153,510.0,0,2,0,0
2d57fe924fb18c26145e3bd4951f2c947785739bf1b966d3d8b066b7704cb200,3,2026-09-25 12:52:53,2026-09-25 12:52:53,1,3,180.0,0,2,0,0
f53d58682cca084bf8e84877ed4cccc3b6fafd422ae16436541506f3bbee0913,3,2026-09-28 04:29:35,2026-09-28 04:39:59,624.0,6,0.58,0,2,0,0
12e7e6be68b47bedb1c11b11cebe01623c5d89a4789237d6c2d4a542387253c4,4,2026-09-28 16:19:41,2026-09-28 16:20:26,45.0,10,13.33,0,2,0,0
ip:127.0.0.1,,2026-09-28 16:22:20,2026-09-28 16:22:21,1.0,3,180.0,3,0,0,0
50694692e66a728cb72008d85edc68eadf72031558f1da2f88fe86f50962b9bb,5,2026-09-28 16:22:22,2026-09-28 16:22:57,35.0,25,42.86,0,2,0,0
50694692e66a728cb72008d85edc68eadf72031558f1da2f88fe86f50962b9bb,5,2026-09-28 16:22:59,2026-09-28 16:23:09,10.0,13,78.0,0,2,1,0
ip:127.0.0.1,7,2026-09-28 16:24:20,2026-09-30 12:56:48,160348.0,12,0.0,12,0,0,0
258e21dc09d4b22e9fe74fbcca0c17fe368943b32b0f3af90e36dda979228f88,6,2026-09-28 16:24:24,2026-09-28 16:25:14,50.0,94,112.8,0,2,1,0
1bcde2f073f7cc66daa13b4a3c3378cd26f26ceeec494e70bc9a1f8ddd92f57a,3,2026-09-30 12:37:14,2026-09-30 12:37:14,1,3,180.0,0,2,0,0
7eacf7008943d68ba69fef2370a6d9fdd2c86f1198dcef961d43a2a20c1b5067,7,2026-09-30 12:56:49,2026-09-30 12:57:38,49.0,78,95.51,6,2,0,1
7eacf7008943d68ba69fef2370a6d9fdd2c86f1198dcef961d43a2a20c1b5067,7,2026-09-30 12:57:38,2026-09-30 12:57:43,5.0,16,192.0,0,2,1,0
0decde7772d54ea8b543f1f6db6961dd632cf8f5a012f5dfa8e1d4f3aa3777a6,8,2026-10-01 06:40:46,2026-10-01 06:41:32,46.0,10,13.04,0,2,0,0
ip:127.0.0.1,10,2026-10-01 06:52:50,2026-10-01 06:54:18,88.0,9,6.14,9,0,0,0
b9e90492c92fa31d6ddee5a25044a548b32152c8e4ec447ce1f820b35ac09319,9,2026-10-01 06:52:52,2026-10-01 06:53:40,48.0,38,47.5,3,2,1,0
c4f36325004807bb34f959f94646fafdb281dddff16b4087ef2fb333900ed37b,10,2026-10-01 06:54:19,2026-10-01 06:55:11,52.0,94,108.46,6,2,1,1
2b2d43674278afa5046eb61ae4a200999bb4d985de85f72611d44ac5c5e3ce4c,3,2026-10-01 13:09:56,2026-10-01 13:09:56,1,3,180.0,0,2,0,0
dfd3810355506cd772b56ee5c513824f9748c7827264939803815996eeeecef2,1,2026-09-25 08:33:31,2026-09-25 08:33:31,1,1,60.0,0,0,0,0
aeac08ee3a904a7c1ece91b98bf5f4148e73b3c632e7412e747c9e9c49de6eef,1,2026-09-25 08:44:57,2026-09-25 08:45:20,23.0,199,519.13,0,2,0,0
aeac08ee3a904a7c1ece91b98bf5f4148e73b3c632e7412e747c9e9c49de6eef,1,2026-09-25 08:45:20,2026-09-25 08:45:42,22.0,200,545.45,0,2,0,0
aeac08ee3a904a7c1ece91b98bf5f4148e73b3c632e7412e747c9e9c49de6eef,1,2026-09-25 08:45:42,2026-09-25 08:46:05,23.0,200,521.74,0,2,0,0
aeac08ee3a904a7c1ece91b98bf5f4148e73b3c632e7412e747c9e9c49de6eef,1,2026-09-25 08:46:05,2026-09-25 08:46:28,23.0,200,521.74,0,2,0,0
aeac08ee3a904a7c1ece91b98bf5f4148e73b3c632e7412e747c9e9c49de6eef,1,2026-09-25 08:46:28,2026-09-25 08:46:52,24.0,200,500.0,0,2,0,0
aeac08ee3a904a7c1ece91b98bf5f4148e73b3c632e7412e747c9e9c49de6eef,1,2026-09-25 08:46:52,2026-09-25 08:47:15,23.0,200,521.74,0,2,0,0
aeac08ee3a904a7c1ece91b98bf5f4148e73b3c632e7412e747c9e9c49de6eef,1,2026-09-25 08:47:15,2026-09-25 08:47:40,25.0,200,480.0,0,2,0,0
aeac08ee3a904a7c1ece91b98bf5f4148e73b3c632e7412e747c9e9c49de6eef,1,2026-09-25 08:47:40,2026-09-25 08:48:04,24.0,200,500.0,0,2,0,0
aeac08ee3a904a7c1ece91b98bf5f4148e73b3c632e7412e747c9e9c49de6eef,1,2026-09-25 08:48:04,2026-09-25 08:48:20,16.0,131,491.25,0,2,0,0
ip:127.0.0.1,,2026-09-25 09:24:15,2026-09-25 12:43:52,11977.0,13,0.07,13,0,0,0
29406c2145bf5d37208bae403f0fa7ebc7165d595359175d1e21083e3dbb07cb,3,2026-09-25 12:44:04,2026-09-25 12:44:12,8.0,56,420.0,0,2,0,0
29406c2145bf5d37208bae403f0fa7ebc7165d595359175d1e21083e3dbb07cb,3,2026-09-25 12:44:12,2026-09-25 12:44:36,24.0,200,500.0,0,2,0,0
29406c2145bf5d37208bae403f0fa7ebc7165d595359175d1e21083e3dbb07cb,3,2026-09-25 12:44:36,2026-09-25 12:45:00,24.0,200,500.0,0,2,0,0
29406c2145bf5d37208bae403f0fa7ebc7165d595359175d1e21083e3dbb07cb,3,2026-09-25 12:45:00,2026-09-25 12:45:25,25.0,200,480.0,0,2,0,0
29406c2145bf5d37208bae403f0fa7ebc7165d595359175d1e21083e3dbb07cb,3,2026-09-25 12:45:25,2026-09-25 12:45:48,23.0,200,521.74,0,2,0,0
29406c2145bf5d37208bae403f0fa7ebc7165d595359175d1e21083e3dbb07cb,3,2026-09-25 12:45:48,2026-09-25 12:46:10,22.0,200,545.45,0,2,0,0
29406c2145bf5d37208bae403f0fa7ebc7165d595359175d1e21083e3dbb07cb,3,2026-09-25 12:46:10,2026-09-25 12:46:33,23.0,200,521.74,0,2,0,0
29406c2145bf5d37208bae403f0fa7ebc7165d595359175d1e21083e3dbb07cb,3,2026-09-25 12:46:33,2026-09-25 12:46:53,20.0,200,600.0,0,2,0,0
29406c2145bf5d37208bae403f0fa7ebc7165d595359175d1e21083e3dbb07cb,3,2026-09-25 12:46:53,2026-09-25 12:47:13,20.0,200,600.0,0,2,0,0
29406c2145bf5d37208bae403f0fa7ebc7165d595359175d1e21083e3dbb07cb,3,2026-09-25 12:47:13,2026-09-25 12:47:31,18.0,153,510.0,0,2,0,0
2d57fe924fb18c26145e3bd4951f2c947785739bf1b966d3d8b066b7704cb200,3,2026-09-25 12:52:53,2026-09-25 12:52:53,1,3,180.0,0,2,0,0
f53d58682cca084bf8e84877ed4cccc3b6fafd422ae16436541506f3bbee0913,3,2026-09-28 04:29:35,2026-09-28 04:39:59,624.0,6,0.58,0,2,0,0
12e7e6be68b47bedb1c11b11cebe01623c5d89a4789237d6c2d4a542387253c4,4,2026-09-28 16:19:41,2026-09-28 16:20:26,45.0,10,13.33,0,2,0,0
ip:127.0.0.1,,2026-09-28 16:22:20,2026-09-28 16:22:21,1.0,3,180.0,3,0,0,0
50694692e66a728cb72008d85edc68eadf72031558f1da2f88fe86f50962b9bb,5,2026-09-28 16:22:22,2026-09-28 16:22:57,35.0,25,42.86,0,2,0,0
50694692e66a728cb72008d85edc68eadf72031558f1da2f88fe86f50962b9bb,5,2026-09-28 16:22:59,2026-09-28 16:23:09,10.0,13,78.0,0,2,1,0
ip:127.0.0.1,7,2026-09-28 16:24:20,2026-09-30 12:56:48,160348.0,12,0.0,12,0,0,0
258e21dc09d4b22e9fe74fbcca0c17fe368943b32b0f3af90e36dda979228f88,6,2026-09-28 16:24:24,2026-09-28 16:25:14,50.0,94,112.8,0,2,1,0
1bcde2f073f7cc66daa13b4a3c3378cd26f26ceeec494e70bc9a1f8ddd92f57a,3,2026-09-30 12:37:14,2026-09-30 12:37:14,1,3,180.0,0,2,0,0
7eacf7008943d68ba69fef2370a6d9fdd2c86f1198dcef961d43a2a20c1b5067,7,2026-09-30 12:56:49,2026-09-30 12:57:38,49.0,78,95.51,6,2,0,1
7eacf7008943d68ba69fef2370a6d9fdd2c86f1198dcef961d43a2a20c1b5067,7,2026-09-30 12:57:38,2026-09-30 12:57:43,5.0,16,192.0,0,2,1,0
0decde7772d54ea8b543f1f6db6961dd632cf8f5a012f5dfa8e1d4f3aa3777a6,8,2026-10-01 06:40:46,2026-10-01 06:41:32,46.0,10,13.04,0,2,0,0
ip:127.0.0.1,10,2026-10-01 06:52:50,2026-10-01 06:54:18,88.0,9,6.14,9,0,0,0
b9e90492c92fa31d6ddee5a25044a548b32152c8e4ec447ce1f820b35ac09319,9,2026-10-01 06:52:52,2026-10-01 06:53:40,48.0,38,47.5,3,2,1,0
c4f36325004807bb34f959f94646fafdb281dddff16b4087ef2fb333900ed37b,10,2026-10-01 06:54:19,2026-10-01 06:55:11,52.0,94,108.46,6,2,1,1
2b2d43674278afa5046eb61ae4a200999bb4d985de85f72611d44ac5c5e3ce4c,3,2026-10-01 13:09:56,2026-10-01 13:17:36,460.0,13,1.7,0,2,0,0
2b2d43674278afa5046eb61ae4a200999bb4d985de85f72611d44ac5c5e3ce4c,3,2026-10-01 13:19:42,2026-10-01 13:19:42,1,2,120.0,0,2,0,0
dfd3810355506cd772b56ee5c513824f9748c7827264939803815996eeeecef2,1,2026-09-25 08:33:31,2026-09-25 08:33:31,1,1,60.0,0,0,0,0
aeac08ee3a904a7c1ece91b98bf5f4148e73b3c632e7412e747c9e9c49de6eef,1,2026-09-25 08:44:57,2026-09-25 08:45:20,23.0,199,519.13,0,2,0,0
aeac08ee3a904a7c1ece91b98bf5f4148e73b3c632e7412e747c9e9c49de6eef,1,2026-09-25 08:45:20,2026-09-25 08:45:42,22.0,200,545.45,0,2,0,0
aeac08ee3a904a7c1ece91b98bf5f4148e73b3c632e7412e747c9e9c49de6eef,1,2026-09-25 08:45:42,2026-09-25 08:46:05,23.0,200,521.74,0,2,0,0
aeac08ee3a904a7c1ece91b98bf5f4148e73b3c632e7412e747c9e9c49de6eef,1,2026-09-25 08:46:05,2026-09-25 08:46:28,23.0,200,521.74,0,2,0,0
aeac08ee3a904a7c1ece91b98bf5f4148e73b3c632e7412e747c9e9c49de6eef,1,2026-09-25 08:46:28,2026-09-25 08:46:52,24.0,200,500.0,0,2,0,0
aeac08ee3a904a7c1ece91b98bf5f4148e73b3c632e7412e747c9e9c49de6eef,1,2026-09-25 08:46:52,2026-09-25 08:47:15,23.0,200,521.74,0,2,0,0
aeac08ee3a904a7c1ece91b98bf5f4148e73b3c632e7412e747c9e9c49de6eef,1,2026-09-25 08:47:15,2026-09-25 08:47:40,25.0,200,480.0,0,2,0,0
aeac08ee3a904a7c1ece91b98bf5f4148e73b3c632e7412e747c9e9c49de6eef,1,2026-09-25 08:47:40,2026-09-25 08:48:04,24.0,200,500.0,0,2,0,0
aeac08ee3a904a7c1ece91b98bf5f4148e73b3c632e7412e747c9e9c49de6eef,1,2026-09-25 08:48:04,2026-09-25 08:48:20,16.0,131,491.25,0,2,0,0
ip:127.0.0.1,,2026-09-25 09:24:15,2026-09-25 12:43:52,11977.0,13,0.07,13,0,0,0
29406c2145bf5d37208bae403f0fa7ebc7165d595359175d1e21083e3dbb07cb,3,2026-09-25 12:44:04,2026-09-25 12:44:12,8.0,56,420.0,0,2,0,0
29406c2145bf5d37208bae403f0fa7ebc7165d595359175d1e21083e3dbb07cb,3,2026-09-25 12:44:12,2026-09-25 12:44:36,24.0,200,500.0,0,2,0,0
29406c2145bf5d37208bae403f0fa7ebc7165d595359175d1e21083e3dbb07cb,3,2026-09-25 12:44:36,2026-09-25 12:45:00,24.0,200,500.0,0,2,0,0
29406c2145bf5d37208bae403f0fa7ebc7165d595359175d1e21083e3dbb07cb,3,2026-09-25 12:45:00,2026-09-25 12:45:25,25.0,200,480.0,0,2,0,0
29406c2145bf5d37208bae403f0fa7ebc7165d595359175d1e21083e3dbb07cb,3,2026-09-25 12:45:25,2026-09-25 12:45:48,23.0,200,521.74,0,2,0,0
29406c2145bf5d37208bae403f0fa7ebc7165d595359175d1e21083e3dbb07cb,3,2026-09-25 12:45:48,2026-09-25 12:46:10,22.0,200,545.45,0,2,0,0
29406c2145bf5d37208bae403f0fa7ebc7165d595359175d1e21083e3dbb07cb,3,2026-09-25 12:46:10,2026-09-25 12:46:33,23.0,200,521.74,0,2,0,0
29406c2145bf5d37208bae403f0fa7ebc7165d595359175d1e21083e3dbb07cb,3,2026-09-25 12:46:33,2026-09-25 12:46:53,20.0,200,600.0,0,2,0,0
29406c2145bf5d37208bae403f0fa7ebc7165d595359175d1e21083e3dbb07cb,3,2026-09-25 12:46:53,2026-09-25 12:47:13,20.0,200,600.0,0,2,0,0
29406c2145bf5d37208bae403f0fa7ebc7165d595359175d1e21083e3dbb07cb,3,2026-09-25 12:47:13,2026-09-25 12:47:31,18.0,153,510.0,0,2,0,0
2d57fe924fb18c26145e3bd4951f2c947785739bf1b966d3d8b066b7704cb200,3,2026-09-25 12:52:53,2026-09-25 12:52:53,1,3,180.0,0,2,0,0
f53d58682cca084bf8e84877ed4cccc3b6fafd422ae16436541506f3bbee0913,3,2026-09-28 04:29:35,2026-09-28 04:39:59,624.0,6,0.58,0,2,0,0
12e7e6be68b47bedb1c11b11cebe01623c5d89a4789237d6c2d4a542387253c4,4,2026-09-28 16:19:41,2026-09-28 16:20:26,45.0,10,13.33,0,2,0,0
ip:127.0.0.1,,2026-09-28 16:22:20,2026-09-28 16:22:21,1.0,3,180.0,3,0,0,0
50694692e66a728cb72008d85edc68eadf72031558f1da2f88fe86f50962b9bb,5,2026-09-28 16:22:22,2026-09-28 16:22:57,35.0,25,42.86,0,2,0,0
50694692e66a728cb72008d85edc68eadf72031558f1da2f88fe86f50962b9bb,5,2026-09-28 16:22:59,2026-09-28 16:23:09,10.0,13,78.0,0,2,1,0
ip:127.0.0.1,7,2026-09-28 16:24:20,2026-09-30 12:56:48,160348.0,12,0.0,12,0,0,0
258e21dc09d4b22e9fe74fbcca0c17fe368943b32b0f3af90e36dda979228f88,6,2026-09-28 16:24:24,2026-09-28 16:25:14,50.0,94,112.8,0,2,1,0
1bcde2f073f7cc66daa13b4a3c3378cd26f26ceeec494e70bc9a1f8ddd92f57a,3,2026-09-30 12:37:14,2026-09-30 12:37:14,1,3,180.0,0,2,0,0
7eacf7008943d68ba69fef2370a6d9fdd2c86f1198dcef961d43a2a20c1b5067,7,2026-09-30 12:56:49,2026-09-30 12:57:38,49.0,78,95.51,6,2,0,1
7eacf7008943d68ba69fef2370a6d9fdd2c86f1198dcef961d43a2a20c1b5067,7,2026-09-30 12:57:38,2026-09-30 12:57:43,5.0,16,192.0,0,2,1,0
0decde7772d54ea8b543f1f6db6961dd632cf8f5a012f5dfa8e1d4f3aa3777a6,8,2026-10-01 06:40:46,2026-10-01 06:41:32,46.0,10,13.04,0,2,0,0
ip:127.0.0.1,10,2026-10-01 06:52:50,2026-10-01 06:54:18,88.0,9,6.14,9,0,0,0
b9e90492c92fa31d6ddee5a25044a548b32152c8e4ec447ce1f820b35ac09319,9,2026-10-01 06:52:52,2026-10-01 06:53:40,48.0,38,47.5,3,2,1,0
c4f36325004807bb34f959f94646fafdb281dddff16b4087ef2fb333900ed37b,10,2026-10-01 06:54:19,2026-10-01 06:55:11,52.0,94,108.46,6,2,1,1
2b2d43674278afa5046eb61ae4a200999bb4d985de85f72611d44ac5c5e3ce4c,3,2026-10-01 13:09:56,2026-10-01 13:19:42,586.0,15,1.54,0,2,0,0
dfd3810355506cd772b56ee5c513824f9748c7827264939803815996eeeecef2,1,2026-09-25 08:33:31,2026-09-25 08:33:31,1,1,60.0,0,0,0,0
aeac08ee3a904a7c1ece91b98bf5f4148e73b3c632e7412e747c9e9c49de6eef,1,2026-09-25 08:44:57,2026-09-25 08:45:20,23.0,199,519.13,0,2,0,0
aeac08ee3a904a7c1ece91b98bf5f4148e73b3c632e7412e747c9e9c49de6eef,1,2026-09-25 08:45:20,2026-09-25 08:45:42,22.0,200,545.45,0,2,0,0
aeac08ee3a904a7c1ece91b98bf5f4148e73b3c632e7412e747c9e9c49de6eef,1,2026-09-25 08:45:42,2026-09-25 08:46:05,23.0,200,521.74,0,2,0,0
aeac08ee3a904a7c1ece91b98bf5f4148e73b3c632e7412e747c9e9c49de6eef,1,2026-09-25 08:46:05,2026-09-25 08:46:28,23.0,200,521.74,0,2,0,0
aeac08ee3a904a7c1ece91b98bf5f4148e73b3c632e7412e747c9e9c49de6eef,1,2026-09-25 08:46:28,2026-09-25 08:46:52,24.0,200,500.0,0,2,0,0
aeac08ee3a904a7c1ece91b98bf5f4148e73b3c632e7412e747c9e9c49de6eef,1,2026-09-25 08:46:52,2026-09-25 08:47:15,23.0,200,521.74,0,2,0,0
aeac08ee3a904a7c1ece91b98bf5f4148e73b3c632e7412e747c9e9c49de6eef,1,2026-09-25 08:47:15,2026-09-25 08:47:40,25.0,200,480.0,0,2,0,0
aeac08ee3a904a7c1ece91b98bf5f4148e73b3c632e7412e747c9e9c49de6eef,1,2026-09-25 08:47:40,2026-09-25 08:48:04,24.0,200,500.0,0,2,0,0
aeac08ee3a904a7c1ece91b98bf5f4148e73b3c632e7412e747c9e9c49de6eef,1,2026-09-25 08:48:04,2026-09-25 08:48:20,16.0,131,491.25,0,2,0,0
ip:127.0.0.1,,2026-09-25 09:24:15,2026-09-25 12:43:52,11977.0,13,0.07,13,0,0,0
29406c2145bf5d37208bae403f0fa7ebc7165d595359175d1e21083e3dbb07cb,3,2026-09-25 12:44:04,2026-09-25 12:44:12,8.0,56,420.0,0,2,0,0
29406c2145bf5d37208bae403f0fa7ebc7165d595359175d1e21083e3dbb07cb,3,2026-09-25 12:44:12,2026-09-25 12:44:36,24.0,200,500.0,0,2,0,0
29406c2145bf5d37208bae403f0fa7ebc7165d595359175d1e21083e3dbb07cb,3,2026-09-25 12:44:36,2026-09-25 12:45:00,24.0,200,500.0,0,2,0,0
29406c2145bf5d37208bae403f0fa7ebc7165d595359175d1e21083e3dbb07cb,3,2026-09-25 12:45:00,2026-09-25 12:45:25,25.0,200,480.0,0,2,0,0
29406c2145bf5d37208bae403f0fa7ebc7165d595359175d1e21083e3dbb07cb,3,2026-09-25 12:45:25,2026-09-25 12:45:48,23.0,200,521.74,0,2,0,0
29406c2145bf5d37208bae403f0fa7ebc7165d595359175d1e21083e3dbb07cb,3,2026-09-25 12:45:48,2026-09-25 12:46:10,22.0,200,545.45,0,2,0,0
29406c2145bf5d37208bae403f0fa7ebc7165d595359175d1e21083e3dbb07cb,3,2026-09-25 12:46:10,2026-09-25 12:46:33,23.0,200,521.74,0,2,0,0
29406c2145bf5d37208bae403f0fa7ebc7165d595359175d1e21083e3dbb07cb,3,2026-09-25 12:46:33,2026-09-25 12:46:53,20.0,200,600.0,0,2,0,0
29406c2145bf5d37208bae403f0fa7ebc7165d595359175d1e21083e3dbb07cb,3,2026-09-25 12:46:53,2026-09-25 12:47:13,20.0,200,600.0,0,2,0,0
29406c2145bf5d37208bae403f0fa7ebc7165d595359175d1e21083e3dbb07cb,3,2026-09-25 12:47:13,2026-09-25 12:47:31,18.0,153,510.0,0,2,0,0
2d57fe924fb18c26145e3bd4951f2c947785739bf1b966d3d8b066b7704cb200,3,2026-09-25 12:52:53,2026-09-25 12:52:53,1,3,180.0,0,2,0,0
f53d58682cca084bf8e84877ed4cccc3b6fafd422ae16436541506f3bbee0913,3,2026-09-28 04:29:35,2026-09-28 04:39:59,624.0,6,0.58,0,2,0,0
12e7e6be68b47bedb1c11b11cebe01623c5d89a4789237d6c2d4a542387253c4,4,2026-09-28 16:19:41,2026-09-28 16:20:26,45.0,10,13.33,0,2,0,0
ip:127.0.0.1,,2026-09-28 16:22:20,2026-09-28 16:22:21,1.0,3,180.0,3,0,0,0
50694692e66a728cb72008d85edc68eadf72031558f1da2f88fe86f50962b9bb,5,2026-09-28 16:22:22,2026-09-28 16:22:57,35.0,25,42.86,0,2,0,0
50694692e66a728cb72008d85edc68eadf72031558f1da2f88fe86f50962b9bb,5,2026-09-28 16:22:59,2026-09-28 16:23:09,10.0,13,78.0,0,2,1,0
ip:127.0.0.1,7,2026-09-28 16:24:20,2026-09-30 12:56:48,160348.0,12,0.0,12,0,0,0
258e21dc09d4b22e9fe74fbcca0c17fe368943b32b0f3af90e36dda979228f88,6,2026-09-28 16:24:24,2026-09-28 16:25:14,50.0,94,112.8,0,2,1,0
1bcde2f073f7cc66daa13b4a3c3378cd26f26ceeec494e70bc9a1f8ddd92f57a,3,2026-09-30 12:37:14,2026-09-30 12:37:14,1,3,180.0,0,2,0,0
7eacf7008943d68ba69fef2370a6d9fdd2c86f1198dcef961d43a2a20c1b5067,7,2026-09-30 12:56:49,2026-09-30 12:57:38,49.0,78,95.51,6,2,0,1
7eacf7008943d68ba69fef2370a6d9fdd2c86f1198dcef961d43a2a20c1b5067,7,2026-09-30 12:57:38,2026-09-30 12:57:43,5.0,16,192.0,0,2,1,0
0decde7772d54ea8b543f1f6db6961dd632cf8f5a012f5dfa8e1d4f3aa3777a6,8,2026-10-01 06:40:46,2026-10-01 06:41:32,46.0,10,13.04,0,2,0,0
ip:127.0.0.1,10,2026-10-01 06:52:50,2026-10-01 06:54:18,88.0,9,6.14,9,0,0,0
b9e90492c92fa31d6ddee5a25044a548b32152c8e4ec447ce1f820b35ac09319,9,2026-10-01 06:52:52,2026-10-01 06:53:40,48.0,38,47.5,3,2,1,0
c4f36325004807bb34f959f94646fafdb281dddff16b4087ef2fb333900ed37b,10,2026-10-01 06:54:19,2026-10-01 06:55:11,52.0,94,108.46,6,2,1,1
2b2d43674278afa5046eb61ae4a200999bb4d985de85f72611d44ac5c5e3ce4c,3,2026-10-01 13:09:56,2026-10-01 13:32:58,1382.0,16,0.69,0,2,0,0
48ccd9222139a6b1cd63ba7026a214e1379d745847393c1bdcf0411484fbcc58,3,2026-10-01 13:33:52,2026-10-01 13:33:58,6.0,5,50.0,0,2,0,0
48ccd9222139a6b1cd63ba7026a214e1379d745847393c1bdcf0411484fbcc58,3,2026-10-01 13:37:40,2026-10-01 13:37:40,1,1,60.0,0,0,0,0
cd79bba2f142a36fee4342273b3b0c43ae0a1457e64d6682d0e802bd984872df,3,2026-10-01 13:38:16,2026-10-01 13:38:25,9.0,17,113.33,0,2,0,0
de7775211a03a718e6dc007b57e01324d2f86a4bfaed512d82dea45a260dc5d3,11,2026-10-01 14:18:33,2026-10-01 14:19:19,46.0,10,13.04,0,2,0,0
ip:127.0.0.1,12,2026-10-01 14:19:55,2026-10-01 14:19:58,3.0,6,120.0,6,0,0,0
79b92e2ae31d68a5b5e9f874a32c6aae851f6e190c998077470cdb7ed73fac2f,12,2026-10-01 14:19:59,2026-10-01 14:20:51,52.0,94,108.46,6,2,1,1
ip:127.0.0.1,13,2026-10-01 14:31:29,2026-10-01 14:31:32,3.0,6,120.0,6,0,0,0
573c3b6ecd1e8229a7785441dddbad8f777bcfc4b180654dbad83594f762c2a6,13,2026-10-01 14:31:32,2026-10-01 14:31:59,27.0,46,102.22,6,2,0,1
ip:127.0.0.1,14,2026-10-02 06:54:57,2026-10-02 06:55:00,3.0,6,120.0,6,0,0,0
e37a43fad595afe77c08fe7842286add49019d11983b18c11f696f7e14cab524,14,2026-10-02 06:55:00,2026-10-02 06:55:25,25.0,44,105.6,6,2,0,1
bd2fc770aabc84d2befc28707bddb3ccbd0bf868573c55da3576be6f72ceb129,15,2026-10-02 06:58:44,2026-10-02 06:59:30,46.0,10,13.04,0,2,0,0
ip:127.0.0.1,16,2026-10-02 07:02:38,2026-10-02 07:02:39,1.0,3,180.0,3,0,0,0
4684ab812773be6df48c2a66e2c25c646302c83cbb588b0c670368e6f3631f46,16,2026-10-02 07:02:40,2026-10-02 07:03:27,47.0,38,48.51,3,2,1,0
29c3f354dd8b4ff35052977707ddd0de543f8ef46f4197a9ac6a6b4584300e34,17,2026-10-02 09:48:06,2026-10-02 09:48:51,45.0,10,13.33,0,2,0,0
ip:127.0.0.1,18,2026-10-02 10:10:40,2026-10-02 10:10:43,3.0,6,120.0,6,0,0,0
7f6aa62cb91fd6a846f1bda08a32767f53afcc2fddda90415482fd07de5104af,18,2026-10-02 10:10:43,2026-10-02 10:11:10,27.0,45,100.0,6,2,0,1
b9ccd8804a958688c9013f8eadb3780cdca18d83c5e92c635a3c40a1524a8316,3,2026-10-02 10:20:20,2026-10-02 10:20:27,7.0,7,60.0,0,2,0,0
b9ccd8804a958688c9013f8eadb3780cdca18d83c5e92c635a3c40a1524a8316,3,2026-10-02 10:33:46,2026-10-02 10:33:46,1,1,60.0,0,0,0,0
ip:127.0.0.1,3,2026-10-02 10:33:57,2026-10-02 10:33:57,1,1,60.0,1,0,0,0
9e8fc85d39e55aa0c50b3f768734cca010f70bd8920c6cebc6659ae8004344ce,19,2026-10-02 10:35:40,2026-10-02 10:35:40,1,3,180.0,0,2,0,0
9e8fc85d39e55aa0c50b3f768734cca010f70bd8920c6cebc6659ae8004344ce,19,2026-10-02 10:55:56,2026-10-02 10:55:57,1.0,2,120.0,0,2,0,0
777286d01e0f1330f62caef7d7c14e67475b7dc08149a461a447287a4fb60290,20,2026-10-02 10:58:44,2026-10-02 10:59:30,46.0,10,13.04,0,2,0,0
9e8fc85d39e55aa0c50b3f768734cca010f70bd8920c6cebc6659ae8004344ce,19,2026-10-02 11:00:57,2026-10-02 11:00:57,1,2,120.0,0,2,0,0
ip:127.0.0.1,21,2026-10-02 11:05:49,2026-10-02 11:05:52,3.0,6,120.0,6,0,0,0
d199ef961715e24b59f90c40097f6c97b108e2ea66560654ac56063022f72ff7,21,2026-10-02 11:05:52,2026-10-02 11:06:18,26.0,44,101.54,6,2,0,1
ip:127.0.0.1,22,2026-10-02 11:18:11,2026-10-02 11:18:12,1.0,3,180.0,3,0,0,0
1373e9f9ce6f668d1ecdfc7eda3062e8dff0e680e04eb210bd96adf8b1ea928e,22,2026-10-02 11:18:13,2026-10-02 11:19:01,48.0,38,47.5,3,2,1,0
ip:127.0.0.1,23,2026-10-03 07:58:41,2026-10-03 07:58:44,3.0,6,120.0,6,0,0,0
b47a7d0169f1c6d2b980dfa804d85c44185416a41648f4472654bfe0498db66a,23,2026-10-03 07:58:45,2026-10-03 07:59:37,52.0,94,108.46,6,2,1,1
c052875718504bea5afd9663e9612b1c098ecfd7e40b10e1f627b82aa95edc6b,3,2026-10-03 08:02:33,2026-10-03 08:02:33,1,3,180.0,0,2,0,0
c0949a2e00c13b8296e741dbaaec82d6ef6952694122cc842c1a70458ca39dc9,24,2026-10-03 08:06:17,2026-10-03 08:07:03,46.0,10,13.04,0,2,0,0
